condition,metric,amount,pct_notional,bps_notional
all,mean_loss,2.6602720026858152e-14,2.6602720026858152e-14,2.660272002685815e-12
all,mae,3.4137421690991125,3.4137421690991125,341.37421690991124
all,loss_std,7.695009537236148,7.695009537236148,769.5009537236148
all,rmse,7.693085544322654,7.693085544322654,769.3085544322654
all,max_loss,4.3917956876061055,4.3917956876061055,439.17956876061055
all,var_95,4.3917956876061055,4.3917956876061055,439.17956876061055
all,es_95,4.3917956876061055,4.3917956876061055,439.17956876061055
all,var_975,4.3917956876061055,4.3917956876061055,439.17956876061055
all,es_975,4.3917956876061055,4.3917956876061055,439.17956876061055
all,var_99,4.3917956876061055,4.3917956876061055,439.17956876061055
all,es_99,4.3917956876061055,4.3917956876061055,439.17956876061055
recalled,mean_loss,1.3475413389318536,1.3475413389318536,134.75413389318535
recalled,mae,1.3475413389318536,1.3475413389318536,134.75413389318535
recalled,loss_std,1.0573272572108428,1.0573272572108428,105.73272572108428
recalled,rmse,1.7126133381948048,1.7126133381948048,171.26133381948046
recalled,max_loss,4.3917956876061055,4.3917956876061055,439.17956876061055
recalled,var_95,4.3917956876061055,4.3917956876061055,439.17956876061055
recalled,es_95,4.391795687606103,4.391795687606103,439.17956876061027
recalled,var_975,4.3917956876061055,4.3917956876061055,439.17956876061055
recalled,es_975,4.391795687606103,4.391795687606103,439.17956876061027
recalled,var_99,4.3917956876061055,4.3917956876061055,439.17956876061055
recalled,es_99,4.391795687606103,4.391795687606103,439.17956876061027
maturity,mean_loss,-3.671234597499531,-3.671234597499531,-367.1234597499531
maturity,mae,9.042888937320155,9.042888937320155,904.2888937320156
maturity,loss_std,14.118265134352226,14.118265134352225,1411.8265134352228
maturity,rmse,14.575053708791119,14.57505370879112,1457.505370879112
maturity,max_loss,4.3917956876061055,4.3917956876061055,439.17956876061055
maturity,var_95,4.3917956876061055,4.3917956876061055,439.17956876061055
maturity,es_95,4.3917956876061055,4.3917956876061055,439.17956876061055
maturity,var_975,4.3917956876061055,4.3917956876061055,439.17956876061055
maturity,es_975,4.3917956876061055,4.3917956876061055,439.17956876061055
maturity,var_99,4.3917956876061055,4.3917956876061055,439.17956876061055
maturity,es_99,4.3917956876061055,4.3917956876061055,439.17956876061055
barrier_hit,mean_loss,-26.418190657745967,-26.418190657745967,-2641.8190657745963
barrier_hit,mae,26.56604027013053,26.56604027013053,2656.604027013053
barrier_hit,loss_std,12.213353295291705,12.213353295291705,1221.3353295291706
barrier_hit,rmse,29.08472858700358,29.08472858700358,2908.4728587003574
barrier_hit,max_loss,0.7278750148163056,0.7278750148163056,72.78750148163056
barrier_hit,var_95,0.7278750148163056,0.7278750148163056,72.78750148163056
barrier_hit,es_95,0.7278750148163056,0.7278750148163056,72.78750148163056
barrier_hit,var_975,0.7278750148163056,0.7278750148163056,72.78750148163056
barrier_hit,es_975,0.7278750148163056,0.7278750148163056,72.78750148163056
barrier_hit,var_99,0.7278750148163056,0.7278750148163056,72.78750148163056
barrier_hit,es_99,0.7278750148163056,0.7278750148163056,72.78750148163056
