penalty,l1_ratio,alpha,alpha_relative,solution_index,solver,scale_features,unpenalized_indices,converged,n_iterations,objective_value,message,train_mae,train_rmse,train_max_abs_error,train_mean_error,validation_mae,validation_rmse,validation_max_abs_error,validation_mean_error,active_threshold,n_instruments_total,n_instruments_active,n_instruments_inactive,active_ratio,n_cash,n_cash_active,n_options_total,n_options_active,option_active_ratio,n_options_long,n_options_short,sum_abs_weights,net_weight,net_cash_weight,sum_abs_option_weights,net_option_weight,max_abs_option_weight,top_1_option_concentration,top_5_option_concentration,is_pareto,is_candidate_pareto,is_candidate,selection_status,passes_static_performance,performance_reference_alpha,rmse_difference_vs_best,rmse_difference_ci_lower,rmse_difference_ci_upper,is_candidate_after_performance,duplicate_status,duplicate_of_alpha,is_candidate_after_duplicates,family
l0,,0.006362430330355304,0.03162277660168381,12,proximal,True,"(0, 27, 54, 81, 108, 135, 162)",True,1,2.4588825023757392,Gradient proximal a convergé.,0.6323017947026952,2.211857880477419,18.67823519076761,8.899134209122571e-05,1.057245549929031,4.65127086374629,29.81015692758575,-0.24522118623049682,1e-06,189,8,181,0.042328042328042326,7,6,182,2,0.01098901098901099,0,2,6.0864395707265935,-3.933149727106585,0.695834272984755,4.62898400009134,-4.62898400009134,2.93742837275323,0.6345730235177456,1.0,True,True,True,candidate,True,0.006362430330355304,0.0,0.0,0.0,True,kept_representative,,True,calls_puts
l1,,0.3050623571729559,0.07498942093324557,9,fista,True,"(0, 27, 54, 81, 108, 135, 162)",True,112,3.7458556738773585,FISTA a convergé.,0.5780915427849113,2.019374574979015,19.078972805373112,0.0001930350248809671,0.5493401549905279,2.6284819187481876,20.025349410668525,0.2773518958744999,1e-06,189,13,176,0.06878306878306878,7,6,182,7,0.038461538461538464,3,4,7.953891766993539,-2.549575701692544,0.6988102074717769,6.552356786511414,-3.2483859091643206,2.9079419781716873,0.4438009212437782,0.9367585328858966,True,True,True,candidate,True,0.3050623571729559,0.0,0.0,0.0,True,kept_representative,,True,calls_puts
l2,,3826.713335660591,100.0,0,fista,True,"(0, 27, 54, 81, 108, 135, 162)",True,2,12.332866340354258,FISTA a convergé.,1.6472247971810456,4.9639871301539795,29.88240845106263,-0.002230395177659419,1.662391683633456,5.210028245030549,29.75865858252712,-0.8802734398021866,1e-06,189,93,96,0.49206349206349204,7,6,182,87,0.47802197802197804,31,56,1.498629289793045,0.6497500261779552,0.6539178744365823,0.01591938208775948,-0.0041678482586272195,0.005664693115170798,0.35583624313700085,0.7041640338757653,True,True,True,candidate,True,1210.113009322791,0.01536467656481122,-0.0006898799165067851,0.027347128865112147,True,kept_representative,,True,calls_puts
l2,,2151.919048298958,56.23413251903491,1,fista,True,"(0, 27, 54, 81, 108, 135, 162)",True,2,12.323324993573133,FISTA a convergé.,1.647379434833856,4.9601556646597595,29.84574569097542,-0.003918496220245673,1.661901574461252,5.20449898928008,29.71333989249017,-0.879995078301026,1e-06,189,98,91,0.5185185185185185,7,6,182,92,0.5054945054945055,35,57,1.510988834881091,0.6465327547832509,0.6539183291284373,0.02827891930780562,-0.007385574345186177,0.010060918909559045,0.3557745188226483,0.7040197270494579,True,True,True,candidate,True,1210.113009322791,0.0098354208143423,-0.00041514274349436727,0.01751004939422951,True,kept_representative,,True,calls_puts
elastic_net,0.5,0.8136143828727994,0.1,8,fista,True,"(0, 27, 54, 81, 108, 135, 162)",True,90,5.683867917255503,FISTA a convergé.,0.7606739179360977,2.3597499054594073,18.932312263266795,-0.00025043600093768405,0.5549810726838215,2.6195140587621673,19.865355097127207,0.14329156879298424,1e-06,189,17,172,0.08994708994708994,7,6,182,11,0.06043956043956044,3,8,6.900454114498001,-1.7158948809238546,0.6902601394108389,5.49295013020763,-2.406155020334694,2.18491863603613,0.39776779039381915,0.8463780695250449,True,True,True,candidate,True,0.8136143828727994,0.0,0.0,0.0,True,kept_representative,,True,calls_puts
l0,,0.07523820926848489,0.7498942093324561,1,proximal,True,"(0, 53, 106, 159, 212, 265, 318)",True,2276,2.5092531615706637,Gradient proximal a convergé.,0.6063644813774596,2.1370720782253505,15.650057743741257,4.702727111304878e-05,1.1512219586549566,4.9587386534235165,29.80039506909769,-0.14259320852005358,1e-06,371,9,362,0.02425876010781671,7,6,364,3,0.008241758241758242,0,3,12.985673404132132,-10.832529594562775,0.6948803562221854,11.52740995078496,-11.52740995078496,7.585012822186099,0.6579980112245072,1.0,True,True,True,candidate,True,0.0010033176457711385,1.860103569318706,-0.5281849455843286,4.265214627282997,True,kept_representative,,True,full
l0,,0.0010033176457711385,0.010000000000000004,16,proximal,True,"(0, 53, 106, 159, 212, 265, 318)",True,1,1.6478540505773578,Gradient proximal a convergé.,0.5368027713171504,1.810427679729526,14.660966341865489,3.146056737683978e-05,0.8788610951578304,3.0986350841048105,21.59142848513028,0.6851846083383637,1e-06,371,15,356,0.04043126684636118,7,6,364,9,0.024725274725274724,5,4,21.59508687164829,-1.1278068334343434,0.683189751774221,20.17674729444519,-1.8109965852085663,6.4817206075209155,0.32124705300270984,0.8103052006186539,True,True,True,candidate,True,0.0010033176457711385,0.0,0.0,0.0,True,kept_representative,,True,full
l1,,0.7234168523871118,0.17782794100389226,6,fista,True,"(0, 53, 106, 159, 212, 265, 318)",True,138,5.640087134010768,FISTA a convergé.,0.7218248187050976,2.2923961205710324,17.791192351692004,-0.0007866914592149499,1.214774117692488,5.002163345173296,29.820408629917196,-0.28052454744051614,1e-06,371,9,362,0.02425876010781671,7,6,364,3,0.008241758241758242,0,3,10.785623350395406,-8.649382077181508,0.6862773210889159,9.335659398270424,-9.335659398270424,5.938817651544533,0.6361433508001364,1.0,True,True,True,candidate,True,0.3050623571729559,1.771442122085832,-0.05320414207711515,3.6257248576106256,True,kept_representative,,True,full
l1,,0.5424861085386071,0.13335214321633237,7,fista,True,"(0, 53, 106, 159, 212, 265, 318)",True,347,4.8416089279731995,FISTA a convergé.,0.6590484545076192,2.134276283062572,17.255165014947167,4.747639441681094e-05,1.0699107171499835,4.345683936014839,23.93270713688254,-0.11826028556616303,1e-06,371,12,359,0.03234501347708895,7,6,364,6,0.016483516483516484,2,4,11.804060875545805,-9.100473336996354,0.6887514184292828,10.369017053614884,-9.789224755425636,6.378084784377452,0.6151098750632203,0.9990369613092629,True,True,True,candidate,True,0.3050623571729559,1.1149627129273756,-0.13921564728671115,2.2886493016441354,True,kept_representative,,True,full
l1,,0.40680719143639965,0.09999999999999999,8,fista,True,"(0, 53, 106, 159, 212, 265, 318)",True,226,4.156867530572814,FISTA a convergé.,0.5990593009827957,1.976135014817878,16.516072730709496,-0.0001884253680369991,0.9046917635253677,3.491062824048348,22.76681753018046,0.12482721078213217,1e-06,371,16,355,0.0431266846361186,7,6,364,10,0.027472527472527472,5,5,15.423051571710577,-5.896936383432538,0.6865891779592674,14.010908764907423,-6.583525561391808,5.891345267380461,0.4204827371466642,0.8287147626336511,True,True,True,candidate,True,0.3050623571729559,0.26034160096088454,-0.13963437099818032,0.5399745386147555,True,kept_representative,,True,full
l1,,0.3050623571729559,0.07498942093324557,9,fista,True,"(0, 53, 106, 159, 212, 265, 318)",True,182,3.574354519011404,FISTA a convergé.,0.543569045101528,1.8496189773993061,15.782740141925629,-0.0005833963538681215,0.8703649132021359,3.2307212230874636,21.880670597345215,0.257073057187705,1e-06,371,18,353,0.04851752021563342,7,6,364,12,0.03296703296703297,5,7,17.589258125669012,-4.508421863913814,0.6854592798890362,16.175109657408438,-5.193881143802851,5.335425959062743,0.3298540827275962,0.7871543109262461,True,True,True,candidate,True,0.3050623571729559,0.0,0.0,0.0,True,kept_representative,,True,full
elastic_net,0.5,3.4309834039666325,0.4216965034285822,3,fista,True,"(0, 53, 106, 159, 212, 265, 318)",True,132,10.491514895609374,FISTA a convergé.,1.2429625560521862,3.6623924374801913,20.787952751602134,-1.7883301969353244e-05,1.4028303683081498,5.021589632291834,29.820948607675533,-0.6286636489461841,1e-06,371,11,360,0.029649595687331536,7,6,364,5,0.013736263736263736,0,5,6.069509547010613,-3.933527593470184,0.6689384395536278,4.602466033023812,-4.602466033023812,2.3907131098891954,0.5194417715927174,1.0,True,True,True,candidate,True,0.2572874586950336,1.9489098400235587,-0.3622633237745056,4.454632229290156,True,kept_representative,,True,full
elastic_net,0.5,2.572874586950336,0.31622776601683794,4,fista,True,"(0, 53, 106, 159, 212, 265, 318)",True,94,9.352304144452903,FISTA a convergé.,1.1101807111675723,3.2544157859349876,19.655430094617515,0.003094084540005879,1.314112629496214,4.950581833215746,29.798643241371295,-0.5370093158608512,1e-06,371,13,358,0.03504043126684636,7,6,364,7,0.019230769230769232,0,7,8.044045883352773,-5.905029761959584,0.6751279492355603,6.580157711195144,-6.580157711195144,3.1272931988380135,0.47526113143418985,0.986049908976996,True,True,True,candidate,True,0.2572874586950336,1.877902040947471,-0.5311201820406767,4.403479855937758,True,kept_representative,,True,full
elastic_net,0.5,1.929383754092691,0.23713737056616555,5,fista,True,"(0, 53, 106, 159, 212, 265, 318)",True,133,8.19727824933624,FISTA a convergé.,0.9794699065059951,2.9246070092528624,18.611921946465557,0.0002523516204835769,1.2164484933972337,4.892868168004115,29.817982308476346,-0.4610522668286038,1e-06,371,14,357,0.03773584905660377,7,6,364,8,0.02197802197802198,0,8,9.701596275754962,-7.566579634481592,0.6801879935466629,8.246767628028255,-8.246767628028255,3.7711451124999433,0.45728766500986007,0.9784313169595207,True,True,True,candidate,True,0.2572874586950336,1.8201883757358397,-0.7147199643157316,4.37351483287618,True,kept_representative,,True,full
elastic_net,0.5,1.446833704774224,0.1778279410038923,6,fista,True,"(0, 53, 106, 159, 212, 265, 318)",True,135,7.117992768217987,FISTA a convergé.,0.8811155173942781,2.6697495654973777,17.64626930685543,2.2153111909201723e-05,1.1540186006395914,4.843572860134327,29.817568013701106,-0.3946092298102793,1e-06,371,15,356,0.04043126684636118,7,6,364,9,0.024725274725274724,0,9,11.179575008167138,-9.05245526856664,0.6849516393061923,9.737406907872833,-9.737406907872833,4.29577341437346,0.44116194948167003,0.9532716793197145,True,True,True,candidate,True,0.2572874586950336,1.7708930678660524,-0.8513985877350956,4.352033449317588,True,kept_representative,,True,full
elastic_net,0.5,0.8136143828727994,0.1,8,fista,True,"(0, 53, 106, 159, 212, 265, 318)",True,130,5.251062867079355,FISTA a convergé.,0.7013727727846206,2.173741150720124,15.714321478944782,-0.0001938212671007812,0.8524648446893385,3.375113861653289,21.15209136058624,0.05348377465313471,1e-06,371,23,348,0.06199460916442048,7,6,364,17,0.046703296703296704,6,11,16.966309891566638,-7.574281468701966,0.681667049905332,15.550897613534014,-8.255948518607298,5.005971924192352,0.3219088729537794,0.7637440220018735,True,True,True,candidate,True,0.2572874586950336,0.30243406938501405,-1.0063779997249815,1.500108368561511,True,kept_representative,,True,full
elastic_net,0.5,0.6101247143459119,0.07498942093324558,9,fista,True,"(0, 53, 106, 159, 212, 265, 318)",True,137,4.4807988847418905,FISTA a convergé.,0.6366804487704946,2.0083718633425796,14.806500839771246,-0.0004931176705053275,0.8066442644039007,3.0889215001725,20.86320449605917,0.2148233732417322,1e-06,371,24,347,0.0646900269541779,7,6,364,18,0.04945054945054945,6,12,19.524751742669082,-7.026942068335047,0.6797722814596335,18.1030688370239,-7.706714349794677,5.17065399916933,0.28562306455988556,0.7333881707124907,True,True,True,candidate,True,0.2572874586950336,0.016241707904224967,-0.8791427888889565,0.7454980488030591,True,kept_representative,,True,full
elastic_net,0.5,0.45752899025861804,0.05623413251903491,10,fista,True,"(0, 53, 106, 159, 212, 265, 318)",True,151,3.82883158261085,FISTA a convergé.,0.5737161495300829,1.8710612434045082,13.935588260041868,-0.0006664544302467274,0.8289584277206302,3.0731345481512915,20.776426773655714,0.3051817389754708,1e-06,371,27,344,0.07277628032345014,7,6,364,21,0.057692307692307696,6,15,21.8386094757398,-7.188241468341133,0.6860703839249678,20.41828093294988,-7.874311852266098,5.200503003894659,0.2546983764682353,0.7096988610299164,True,True,True,candidate,True,0.2572874586950336,0.00045475588301657766,-0.6809184177800035,0.6291239599301112,True,kept_representative,,True,full
elastic_net,0.5,0.2572874586950336,0.0316227766016838,12,fista,True,"(0, 53, 106, 159, 212, 265, 318)",True,213,2.8150347364087405,FISTA a convergé.,0.4377219155284354,1.6262091595689367,12.338321649836558,-0.00012862776339718588,0.8514990594171112,3.072679792268275,20.8101362229,0.5782102303609679,1e-06,371,29,342,0.07816711590296496,7,6,364,23,0.06318681318681318,7,16,29.55490477431011,-6.633948836154657,0.7034268446301595,28.14323590965351,-7.337375680784815,5.762599358744761,0.2047596579598763,0.627906478655673,True,True,True,candidate,True,0.2572874586950336,0.0,0.0,0.0,True,kept_representative,,True,full
