candidate_id,family,penalty,alpha,alpha_relative,l1_ratio,n_options_active,validation_rmse
candidate_01,calls_puts,elastic_net,0.8136143828727994,0.1,0.5,11,2.6195140587621673
candidate_02,calls_puts,l0,0.006362430330355304,0.03162277660168381,,2,4.65127086374629
candidate_03,calls_puts,l1,0.3050623571729559,0.07498942093324557,,7,2.6284819187481876
candidate_04,calls_puts,l2,3826.713335660591,100.0,,87,5.210028245030549
candidate_05,calls_puts,l2,2151.919048298958,56.23413251903491,,92,5.20449898928008
candidate_01,full,elastic_net,3.4309834039666325,0.4216965034285822,0.5,5,5.021589632291834
candidate_02,full,elastic_net,2.572874586950336,0.31622776601683794,0.5,7,4.950581833215746
candidate_03,full,elastic_net,1.929383754092691,0.23713737056616555,0.5,8,4.892868168004115
candidate_04,full,elastic_net,1.446833704774224,0.1778279410038923,0.5,9,4.843572860134327
candidate_05,full,elastic_net,0.8136143828727994,0.1,0.5,17,3.375113861653289
candidate_06,full,elastic_net,0.6101247143459119,0.07498942093324558,0.5,18,3.0889215001725
candidate_07,full,elastic_net,0.45752899025861804,0.05623413251903491,0.5,21,3.0731345481512915
candidate_08,full,elastic_net,0.2572874586950336,0.0316227766016838,0.5,23,3.072679792268275
candidate_09,full,l0,0.07523820926848489,0.7498942093324561,,3,4.9587386534235165
candidate_10,full,l0,0.0010033176457711385,0.010000000000000004,,9,3.0986350841048105
candidate_11,full,l1,0.7234168523871118,0.17782794100389226,,3,5.002163345173296
candidate_12,full,l1,0.5424861085386071,0.13335214321633237,,6,4.345683936014839
candidate_13,full,l1,0.40680719143639965,0.09999999999999999,,10,3.491062824048348
candidate_14,full,l1,0.3050623571729559,0.07498942093324557,,12,3.2307212230874636
