path_index,payment_date_index,payment_date,information_date,observed_state,selected_node_index,selected_node_state,uses_fallback,chronology_valid,family
0,0,2026-09-22,,initial,0,initial,False,True,calls_puts
1,0,2026-09-22,,initial,0,initial,False,True,calls_puts
1,1,2026-12-22,2026-09-22,barrier_clear,2,barrier_clear,False,True,calls_puts
1,2,2027-03-22,2026-12-22,barrier_clear,4,barrier_clear,False,True,calls_puts
1,3,2027-06-22,2027-03-22,barrier_clear,6,barrier_clear,False,True,calls_puts
2,0,2026-09-22,,initial,0,initial,False,True,calls_puts
3,0,2026-09-22,,initial,0,initial,False,True,calls_puts
3,1,2026-12-22,2026-09-22,barrier_clear,2,barrier_clear,False,True,calls_puts
3,2,2027-03-22,2026-12-22,barrier_clear,4,barrier_clear,False,True,calls_puts
4,0,2026-09-22,,initial,0,initial,False,True,calls_puts
4,1,2026-12-22,2026-09-22,barrier_clear,2,barrier_clear,False,True,calls_puts
4,2,2027-03-22,2026-12-22,barrier_clear,4,barrier_clear,False,True,calls_puts
5,0,2026-09-22,,initial,0,initial,False,True,calls_puts
5,1,2026-12-22,2026-09-22,barrier_clear,2,barrier_clear,False,True,calls_puts
6,0,2026-09-22,,initial,0,initial,False,True,calls_puts
7,0,2026-09-22,,initial,0,initial,False,True,calls_puts
8,0,2026-09-22,,initial,0,initial,False,True,calls_puts
8,1,2026-12-22,2026-09-22,barrier_clear,2,barrier_clear,False,True,calls_puts
8,2,2027-03-22,2026-12-22,barrier_clear,4,barrier_clear,False,True,calls_puts
8,3,2027-06-22,2027-03-22,barrier_clear,6,barrier_clear,False,True,calls_puts
9,0,2026-09-22,,initial,0,initial,False,True,calls_puts
9,1,2026-12-22,2026-09-22,barrier_clear,2,barrier_clear,False,True,calls_puts
10,0,2026-09-22,,initial,0,initial,False,True,calls_puts
11,0,2026-09-22,,initial,0,initial,False,True,calls_puts
11,1,2026-12-22,2026-09-22,barrier_clear,2,barrier_clear,False,True,calls_puts
12,0,2026-09-22,,initial,0,initial,False,True,calls_puts
12,1,2026-12-22,2026-09-22,barrier_clear,2,barrier_clear,False,True,calls_puts
13,0,2026-09-22,,initial,0,initial,False,True,calls_puts
14,0,2026-09-22,,initial,0,initial,False,True,calls_puts
15,0,2026-09-22,,initial,0,initial,False,True,calls_puts
15,1,2026-12-22,2026-09-22,barrier_clear,2,barrier_clear,False,True,calls_puts
16,0,2026-09-22,,initial,0,initial,False,True,calls_puts
16,1,2026-12-22,2026-09-22,barrier_clear,2,barrier_clear,False,True,calls_puts
16,2,2027-03-22,2026-12-22,barrier_clear,4,barrier_clear,False,True,calls_puts
16,3,2027-06-22,2027-03-22,barrier_clear,6,barrier_clear,False,True,calls_puts
17,0,2026-09-22,,initial,0,initial,False,True,calls_puts
17,1,2026-12-22,2026-09-22,barrier_clear,2,barrier_clear,False,True,calls_puts
18,0,2026-09-22,,initial,0,initial,False,True,calls_puts
19,0,2026-09-22,,initial,0,initial,False,True,calls_puts
20,0,2026-09-22,,initial,0,initial,False,True,calls_puts
20,1,2026-12-22,2026-09-22,barrier_clear,2,barrier_clear,False,True,calls_puts
20,2,2027-03-22,2026-12-22,barrier_clear,4,barrier_clear,False,True,calls_puts
21,0,2026-09-22,,initial,0,initial,False,True,calls_puts
22,0,2026-09-22,,initial,0,initial,False,True,calls_puts
23,0,2026-09-22,,initial,0,initial,False,True,calls_puts
24,0,2026-09-22,,initial,0,initial,False,True,calls_puts
24,1,2026-12-22,2026-09-22,barrier_clear,2,barrier_clear,False,True,calls_puts
24,2,2027-03-22,2026-12-22,barrier_clear,4,barrier_clear,False,True,calls_puts
24,3,2027-06-22,2027-03-22,barrier_clear,6,barrier_clear,False,True,calls_puts
25,0,2026-09-22,,initial,0,initial,False,True,calls_puts
25,1,2026-12-22,2026-09-22,barrier_clear,2,barrier_clear,False,True,calls_puts
25,2,2027-03-22,2026-12-22,barrier_clear,4,barrier_clear,False,True,calls_puts
25,3,2027-06-22,2027-03-22,barrier_clear,6,barrier_clear,False,True,calls_puts
26,0,2026-09-22,,initial,0,initial,False,True,calls_puts
27,0,2026-09-22,,initial,0,initial,False,True,calls_puts
27,1,2026-12-22,2026-09-22,barrier_clear,2,barrier_clear,False,True,calls_puts
27,2,2027-03-22,2026-12-22,barrier_clear,4,barrier_clear,False,True,calls_puts
27,3,2027-06-22,2027-03-22,barrier_clear,6,barrier_clear,False,True,calls_puts
28,0,2026-09-22,,initial,0,initial,False,True,calls_puts
29,0,2026-09-22,,initial,0,initial,False,True,calls_puts
29,1,2026-12-22,2026-09-22,barrier_clear,2,barrier_clear,False,True,calls_puts
30,0,2026-09-22,,initial,0,initial,False,True,calls_puts
30,1,2026-12-22,2026-09-22,barrier_clear,2,barrier_clear,False,True,calls_puts
30,2,2027-03-22,2026-12-22,barrier_clear,4,barrier_clear,False,True,calls_puts
30,3,2027-06-22,2027-03-22,barrier_clear,6,barrier_clear,False,True,calls_puts
31,0,2026-09-22,,initial,0,initial,False,True,calls_puts
31,1,2026-12-22,2026-09-22,barrier_clear,2,barrier_clear,False,True,calls_puts
32,0,2026-09-22,,initial,0,initial,False,True,calls_puts
33,0,2026-09-22,,initial,0,initial,False,True,calls_puts
33,1,2026-12-22,2026-09-22,barrier_clear,2,barrier_clear,False,True,calls_puts
34,0,2026-09-22,,initial,0,initial,False,True,calls_puts
35,0,2026-09-22,,initial,0,initial,False,True,calls_puts
35,1,2026-12-22,2026-09-22,barrier_clear,2,barrier_clear,False,True,calls_puts
35,2,2027-03-22,2026-12-22,barrier_clear,4,barrier_clear,False,True,calls_puts
35,3,2027-06-22,2027-03-22,barrier_clear,6,barrier_clear,False,True,calls_puts
36,0,2026-09-22,,initial,0,initial,False,True,calls_puts
37,0,2026-09-22,,initial,0,initial,False,True,calls_puts
38,0,2026-09-22,,initial,0,initial,False,True,calls_puts
39,0,2026-09-22,,initial,0,initial,False,True,calls_puts
40,0,2026-09-22,,initial,0,initial,False,True,calls_puts
41,0,2026-09-22,,initial,0,initial,False,True,calls_puts
42,0,2026-09-22,,initial,0,initial,False,True,calls_puts
42,1,2026-12-22,2026-09-22,barrier_clear,2,barrier_clear,False,True,calls_puts
43,0,2026-09-22,,initial,0,initial,False,True,calls_puts
43,1,2026-12-22,2026-09-22,barrier_clear,2,barrier_clear,False,True,calls_puts
43,2,2027-03-22,2026-12-22,barrier_clear,4,barrier_clear,False,True,calls_puts
43,3,2027-06-22,2027-03-22,barrier_clear,6,barrier_clear,False,True,calls_puts
44,0,2026-09-22,,initial,0,initial,False,True,calls_puts
45,0,2026-09-22,,initial,0,initial,False,True,calls_puts
45,1,2026-12-22,2026-09-22,barrier_clear,2,barrier_clear,False,True,calls_puts
45,2,2027-03-22,2026-12-22,barrier_clear,4,barrier_clear,False,True,calls_puts
45,3,2027-06-22,2027-03-22,barrier_clear,6,barrier_clear,False,True,calls_puts
46,0,2026-09-22,,initial,0,initial,False,True,calls_puts
47,0,2026-09-22,,initial,0,initial,False,True,calls_puts
47,1,2026-12-22,2026-09-22,barrier_clear,2,barrier_clear,False,True,calls_puts
48,0,2026-09-22,,initial,0,initial,False,True,calls_puts
48,1,2026-12-22,2026-09-22,barrier_clear,2,barrier_clear,False,True,calls_puts
48,2,2027-03-22,2026-12-22,barrier_clear,4,barrier_clear,False,True,calls_puts
49,0,2026-09-22,,initial,0,initial,False,True,calls_puts
50,0,2026-09-22,,initial,0,initial,False,True,calls_puts
51,0,2026-09-22,,initial,0,initial,False,True,calls_puts
52,0,2026-09-22,,initial,0,initial,False,True,calls_puts
52,1,2026-12-22,2026-09-22,barrier_clear,2,barrier_clear,False,True,calls_puts
53,0,2026-09-22,,initial,0,initial,False,True,calls_puts
54,0,2026-09-22,,initial,0,initial,False,True,calls_puts
55,0,2026-09-22,,initial,0,initial,False,True,calls_puts
55,1,2026-12-22,2026-09-22,barrier_clear,2,barrier_clear,False,True,calls_puts
55,2,2027-03-22,2026-12-22,barrier_clear,4,barrier_clear,False,True,calls_puts
55,3,2027-06-22,2027-03-22,barrier_clear,6,barrier_clear,False,True,calls_puts
56,0,2026-09-22,,initial,0,initial,False,True,calls_puts
57,0,2026-09-22,,initial,0,initial,False,True,calls_puts
58,0,2026-09-22,,initial,0,initial,False,True,calls_puts
59,0,2026-09-22,,initial,0,initial,False,True,calls_puts
60,0,2026-09-22,,initial,0,initial,False,True,calls_puts
60,1,2026-12-22,2026-09-22,barrier_clear,2,barrier_clear,False,True,calls_puts
60,2,2027-03-22,2026-12-22,barrier_clear,4,barrier_clear,False,True,calls_puts
60,3,2027-06-22,2027-03-22,barrier_clear,6,barrier_clear,False,True,calls_puts
61,0,2026-09-22,,initial,0,initial,False,True,calls_puts
61,1,2026-12-22,2026-09-22,barrier_clear,2,barrier_clear,False,True,calls_puts
62,0,2026-09-22,,initial,0,initial,False,True,calls_puts
63,0,2026-09-22,,initial,0,initial,False,True,calls_puts
63,1,2026-12-22,2026-09-22,barrier_clear,2,barrier_clear,False,True,calls_puts
63,2,2027-03-22,2026-12-22,barrier_clear,4,barrier_clear,False,True,calls_puts
64,0,2026-09-22,,initial,0,initial,False,True,calls_puts
64,1,2026-12-22,2026-09-22,barrier_clear,2,barrier_clear,False,True,calls_puts
64,2,2027-03-22,2026-12-22,barrier_clear,4,barrier_clear,False,True,calls_puts
65,0,2026-09-22,,initial,0,initial,False,True,calls_puts
65,1,2026-12-22,2026-09-22,barrier_clear,2,barrier_clear,False,True,calls_puts
65,2,2027-03-22,2026-12-22,barrier_clear,4,barrier_clear,False,True,calls_puts
65,3,2027-06-22,2027-03-22,barrier_clear,6,barrier_clear,False,True,calls_puts
66,0,2026-09-22,,initial,0,initial,False,True,calls_puts
67,0,2026-09-22,,initial,0,initial,False,True,calls_puts
68,0,2026-09-22,,initial,0,initial,False,True,calls_puts
69,0,2026-09-22,,initial,0,initial,False,True,calls_puts
69,1,2026-12-22,2026-09-22,barrier_clear,2,barrier_clear,False,True,calls_puts
70,0,2026-09-22,,initial,0,initial,False,True,calls_puts
70,1,2026-12-22,2026-09-22,barrier_clear,2,barrier_clear,False,True,calls_puts
70,2,2027-03-22,2026-12-22,barrier_clear,4,barrier_clear,False,True,calls_puts
70,3,2027-06-22,2027-03-22,barrier_clear,6,barrier_clear,False,True,calls_puts
71,0,2026-09-22,,initial,0,initial,False,True,calls_puts
72,0,2026-09-22,,initial,0,initial,False,True,calls_puts
72,1,2026-12-22,2026-09-22,barrier_clear,2,barrier_clear,False,True,calls_puts
73,0,2026-09-22,,initial,0,initial,False,True,calls_puts
73,1,2026-12-22,2026-09-22,barrier_clear,2,barrier_clear,False,True,calls_puts
73,2,2027-03-22,2026-12-22,barrier_clear,4,barrier_clear,False,True,calls_puts
73,3,2027-06-22,2027-03-22,barrier_clear,6,barrier_clear,False,True,calls_puts
74,0,2026-09-22,,initial,0,initial,False,True,calls_puts
74,1,2026-12-22,2026-09-22,barrier_clear,2,barrier_clear,False,True,calls_puts
74,2,2027-03-22,2026-12-22,barrier_clear,4,barrier_clear,False,True,calls_puts
74,3,2027-06-22,2027-03-22,barrier_clear,6,barrier_clear,False,True,calls_puts
75,0,2026-09-22,,initial,0,initial,False,True,calls_puts
76,0,2026-09-22,,initial,0,initial,False,True,calls_puts
77,0,2026-09-22,,initial,0,initial,False,True,calls_puts
77,1,2026-12-22,2026-09-22,barrier_clear,2,barrier_clear,False,True,calls_puts
77,2,2027-03-22,2026-12-22,barrier_clear,4,barrier_clear,False,True,calls_puts
77,3,2027-06-22,2027-03-22,barrier_clear,6,barrier_clear,False,True,calls_puts
78,0,2026-09-22,,initial,0,initial,False,True,calls_puts
78,1,2026-12-22,2026-09-22,barrier_clear,2,barrier_clear,False,True,calls_puts
78,2,2027-03-22,2026-12-22,barrier_clear,4,barrier_clear,False,True,calls_puts
78,3,2027-06-22,2027-03-22,barrier_clear,6,barrier_clear,False,True,calls_puts
79,0,2026-09-22,,initial,0,initial,False,True,calls_puts
79,1,2026-12-22,2026-09-22,barrier_clear,2,barrier_clear,False,True,calls_puts
80,0,2026-09-22,,initial,0,initial,False,True,calls_puts
80,1,2026-12-22,2026-09-22,barrier_clear,2,barrier_clear,False,True,calls_puts
80,2,2027-03-22,2026-12-22,barrier_clear,4,barrier_clear,False,True,calls_puts
81,0,2026-09-22,,initial,0,initial,False,True,calls_puts
82,0,2026-09-22,,initial,0,initial,False,True,calls_puts
82,1,2026-12-22,2026-09-22,barrier_clear,2,barrier_clear,False,True,calls_puts
82,2,2027-03-22,2026-12-22,barrier_clear,4,barrier_clear,False,True,calls_puts
82,3,2027-06-22,2027-03-22,barrier_clear,6,barrier_clear,False,True,calls_puts
83,0,2026-09-22,,initial,0,initial,False,True,calls_puts
83,1,2026-12-22,2026-09-22,barrier_clear,2,barrier_clear,False,True,calls_puts
83,2,2027-03-22,2026-12-22,barrier_clear,4,barrier_clear,False,True,calls_puts
83,3,2027-06-22,2027-03-22,barrier_clear,6,barrier_clear,False,True,calls_puts
84,0,2026-09-22,,initial,0,initial,False,True,calls_puts
84,1,2026-12-22,2026-09-22,barrier_clear,2,barrier_clear,False,True,calls_puts
84,2,2027-03-22,2026-12-22,barrier_clear,4,barrier_clear,False,True,calls_puts
84,3,2027-06-22,2027-03-22,barrier_clear,6,barrier_clear,False,True,calls_puts
85,0,2026-09-22,,initial,0,initial,False,True,calls_puts
86,0,2026-09-22,,initial,0,initial,False,True,calls_puts
86,1,2026-12-22,2026-09-22,barrier_clear,2,barrier_clear,False,True,calls_puts
86,2,2027-03-22,2026-12-22,barrier_clear,4,barrier_clear,False,True,calls_puts
86,3,2027-06-22,2027-03-22,barrier_clear,6,barrier_clear,False,True,calls_puts
87,0,2026-09-22,,initial,0,initial,False,True,calls_puts
88,0,2026-09-22,,initial,0,initial,False,True,calls_puts
88,1,2026-12-22,2026-09-22,barrier_clear,2,barrier_clear,False,True,calls_puts
88,2,2027-03-22,2026-12-22,barrier_clear,4,barrier_clear,False,True,calls_puts
88,3,2027-06-22,2027-03-22,barrier_clear,6,barrier_clear,False,True,calls_puts
89,0,2026-09-22,,initial,0,initial,False,True,calls_puts
90,0,2026-09-22,,initial,0,initial,False,True,calls_puts
90,1,2026-12-22,2026-09-22,barrier_clear,2,barrier_clear,False,True,calls_puts
90,2,2027-03-22,2026-12-22,barrier_clear,4,barrier_clear,False,True,calls_puts
90,3,2027-06-22,2027-03-22,barrier_clear,6,barrier_clear,False,True,calls_puts
91,0,2026-09-22,,initial,0,initial,False,True,calls_puts
92,0,2026-09-22,,initial,0,initial,False,True,calls_puts
93,0,2026-09-22,,initial,0,initial,False,True,calls_puts
94,0,2026-09-22,,initial,0,initial,False,True,calls_puts
94,1,2026-12-22,2026-09-22,barrier_clear,2,barrier_clear,False,True,calls_puts
95,0,2026-09-22,,initial,0,initial,False,True,calls_puts
96,0,2026-09-22,,initial,0,initial,False,True,calls_puts
96,1,2026-12-22,2026-09-22,barrier_clear,2,barrier_clear,False,True,calls_puts
96,2,2027-03-22,2026-12-22,barrier_clear,4,barrier_clear,False,True,calls_puts
96,3,2027-06-22,2027-03-22,barrier_clear,6,barrier_clear,False,True,calls_puts
97,0,2026-09-22,,initial,0,initial,False,True,calls_puts
97,1,2026-12-22,2026-09-22,barrier_clear,2,barrier_clear,False,True,calls_puts
98,0,2026-09-22,,initial,0,initial,False,True,calls_puts
99,0,2026-09-22,,initial,0,initial,False,True,calls_puts
99,1,2026-12-22,2026-09-22,barrier_clear,2,barrier_clear,False,True,calls_puts
99,2,2027-03-22,2026-12-22,barrier_clear,4,barrier_clear,False,True,calls_puts
99,3,2027-06-22,2027-03-22,barrier_clear,6,barrier_clear,False,True,calls_puts
100,0,2026-09-22,,initial,0,initial,False,True,calls_puts
101,0,2026-09-22,,initial,0,initial,False,True,calls_puts
102,0,2026-09-22,,initial,0,initial,False,True,calls_puts
102,1,2026-12-22,2026-09-22,barrier_clear,2,barrier_clear,False,True,calls_puts
102,2,2027-03-22,2026-12-22,barrier_clear,4,barrier_clear,False,True,calls_puts
102,3,2027-06-22,2027-03-22,barrier_clear,6,barrier_clear,False,True,calls_puts
103,0,2026-09-22,,initial,0,initial,False,True,calls_puts
103,1,2026-12-22,2026-09-22,barrier_clear,2,barrier_clear,False,True,calls_puts
103,2,2027-03-22,2026-12-22,barrier_clear,4,barrier_clear,False,True,calls_puts
104,0,2026-09-22,,initial,0,initial,False,True,calls_puts
104,1,2026-12-22,2026-09-22,barrier_clear,2,barrier_clear,False,True,calls_puts
104,2,2027-03-22,2026-12-22,barrier_clear,4,barrier_clear,False,True,calls_puts
104,3,2027-06-22,2027-03-22,barrier_clear,6,barrier_clear,False,True,calls_puts
105,0,2026-09-22,,initial,0,initial,False,True,calls_puts
105,1,2026-12-22,2026-09-22,barrier_clear,2,barrier_clear,False,True,calls_puts
105,2,2027-03-22,2026-12-22,barrier_clear,4,barrier_clear,False,True,calls_puts
105,3,2027-06-22,2027-03-22,barrier_clear,6,barrier_clear,False,True,calls_puts
106,0,2026-09-22,,initial,0,initial,False,True,calls_puts
107,0,2026-09-22,,initial,0,initial,False,True,calls_puts
108,0,2026-09-22,,initial,0,initial,False,True,calls_puts
108,1,2026-12-22,2026-09-22,barrier_clear,2,barrier_clear,False,True,calls_puts
108,2,2027-03-22,2026-12-22,barrier_clear,4,barrier_clear,False,True,calls_puts
108,3,2027-06-22,2027-03-22,barrier_clear,6,barrier_clear,False,True,calls_puts
109,0,2026-09-22,,initial,0,initial,False,True,calls_puts
109,1,2026-12-22,2026-09-22,barrier_clear,2,barrier_clear,False,True,calls_puts
109,2,2027-03-22,2026-12-22,barrier_clear,4,barrier_clear,False,True,calls_puts
109,3,2027-06-22,2027-03-22,barrier_clear,6,barrier_clear,False,True,calls_puts
110,0,2026-09-22,,initial,0,initial,False,True,calls_puts
110,1,2026-12-22,2026-09-22,barrier_clear,2,barrier_clear,False,True,calls_puts
110,2,2027-03-22,2026-12-22,barrier_clear,4,barrier_clear,False,True,calls_puts
110,3,2027-06-22,2027-03-22,barrier_clear,6,barrier_clear,False,True,calls_puts
111,0,2026-09-22,,initial,0,initial,False,True,calls_puts
111,1,2026-12-22,2026-09-22,barrier_clear,2,barrier_clear,False,True,calls_puts
111,2,2027-03-22,2026-12-22,barrier_clear,4,barrier_clear,False,True,calls_puts
111,3,2027-06-22,2027-03-22,barrier_clear,6,barrier_clear,False,True,calls_puts
112,0,2026-09-22,,initial,0,initial,False,True,calls_puts
112,1,2026-12-22,2026-09-22,barrier_clear,2,barrier_clear,False,True,calls_puts
112,2,2027-03-22,2026-12-22,barrier_clear,4,barrier_clear,False,True,calls_puts
112,3,2027-06-22,2027-03-22,barrier_clear,6,barrier_clear,False,True,calls_puts
113,0,2026-09-22,,initial,0,initial,False,True,calls_puts
113,1,2026-12-22,2026-09-22,barrier_clear,2,barrier_clear,False,True,calls_puts
113,2,2027-03-22,2026-12-22,barrier_hit,3,pooled,True,True,calls_puts
113,3,2027-06-22,2027-03-22,barrier_hit,5,pooled,True,True,calls_puts
114,0,2026-09-22,,initial,0,initial,False,True,calls_puts
114,1,2026-12-22,2026-09-22,barrier_clear,2,barrier_clear,False,True,calls_puts
115,0,2026-09-22,,initial,0,initial,False,True,calls_puts
115,1,2026-12-22,2026-09-22,barrier_clear,2,barrier_clear,False,True,calls_puts
115,2,2027-03-22,2026-12-22,barrier_clear,4,barrier_clear,False,True,calls_puts
115,3,2027-06-22,2027-03-22,barrier_clear,6,barrier_clear,False,True,calls_puts
116,0,2026-09-22,,initial,0,initial,False,True,calls_puts
116,1,2026-12-22,2026-09-22,barrier_clear,2,barrier_clear,False,True,calls_puts
116,2,2027-03-22,2026-12-22,barrier_clear,4,barrier_clear,False,True,calls_puts
116,3,2027-06-22,2027-03-22,barrier_clear,6,barrier_clear,False,True,calls_puts
117,0,2026-09-22,,initial,0,initial,False,True,calls_puts
118,0,2026-09-22,,initial,0,initial,False,True,calls_puts
119,0,2026-09-22,,initial,0,initial,False,True,calls_puts
120,0,2026-09-22,,initial,0,initial,False,True,calls_puts
120,1,2026-12-22,2026-09-22,barrier_clear,2,barrier_clear,False,True,calls_puts
120,2,2027-03-22,2026-12-22,barrier_clear,4,barrier_clear,False,True,calls_puts
120,3,2027-06-22,2027-03-22,barrier_clear,6,barrier_clear,False,True,calls_puts
121,0,2026-09-22,,initial,0,initial,False,True,calls_puts
122,0,2026-09-22,,initial,0,initial,False,True,calls_puts
123,0,2026-09-22,,initial,0,initial,False,True,calls_puts
124,0,2026-09-22,,initial,0,initial,False,True,calls_puts
125,0,2026-09-22,,initial,0,initial,False,True,calls_puts
125,1,2026-12-22,2026-09-22,barrier_clear,2,barrier_clear,False,True,calls_puts
125,2,2027-03-22,2026-12-22,barrier_clear,4,barrier_clear,False,True,calls_puts
125,3,2027-06-22,2027-03-22,barrier_clear,6,barrier_clear,False,True,calls_puts
126,0,2026-09-22,,initial,0,initial,False,True,calls_puts
126,1,2026-12-22,2026-09-22,barrier_clear,2,barrier_clear,False,True,calls_puts
126,2,2027-03-22,2026-12-22,barrier_clear,4,barrier_clear,False,True,calls_puts
127,0,2026-09-22,,initial,0,initial,False,True,calls_puts
128,0,2026-09-22,,initial,0,initial,False,True,calls_puts
129,0,2026-09-22,,initial,0,initial,False,True,calls_puts
130,0,2026-09-22,,initial,0,initial,False,True,calls_puts
131,0,2026-09-22,,initial,0,initial,False,True,calls_puts
131,1,2026-12-22,2026-09-22,barrier_clear,2,barrier_clear,False,True,calls_puts
131,2,2027-03-22,2026-12-22,barrier_clear,4,barrier_clear,False,True,calls_puts
131,3,2027-06-22,2027-03-22,barrier_clear,6,barrier_clear,False,True,calls_puts
132,0,2026-09-22,,initial,0,initial,False,True,calls_puts
132,1,2026-12-22,2026-09-22,barrier_clear,2,barrier_clear,False,True,calls_puts
132,2,2027-03-22,2026-12-22,barrier_clear,4,barrier_clear,False,True,calls_puts
132,3,2027-06-22,2027-03-22,barrier_clear,6,barrier_clear,False,True,calls_puts
133,0,2026-09-22,,initial,0,initial,False,True,calls_puts
134,0,2026-09-22,,initial,0,initial,False,True,calls_puts
134,1,2026-12-22,2026-09-22,barrier_clear,2,barrier_clear,False,True,calls_puts
134,2,2027-03-22,2026-12-22,barrier_clear,4,barrier_clear,False,True,calls_puts
134,3,2027-06-22,2027-03-22,barrier_clear,6,barrier_clear,False,True,calls_puts
135,0,2026-09-22,,initial,0,initial,False,True,calls_puts
136,0,2026-09-22,,initial,0,initial,False,True,calls_puts
137,0,2026-09-22,,initial,0,initial,False,True,calls_puts
138,0,2026-09-22,,initial,0,initial,False,True,calls_puts
139,0,2026-09-22,,initial,0,initial,False,True,calls_puts
140,0,2026-09-22,,initial,0,initial,False,True,calls_puts
140,1,2026-12-22,2026-09-22,barrier_clear,2,barrier_clear,False,True,calls_puts
140,2,2027-03-22,2026-12-22,barrier_clear,4,barrier_clear,False,True,calls_puts
141,0,2026-09-22,,initial,0,initial,False,True,calls_puts
142,0,2026-09-22,,initial,0,initial,False,True,calls_puts
143,0,2026-09-22,,initial,0,initial,False,True,calls_puts
144,0,2026-09-22,,initial,0,initial,False,True,calls_puts
144,1,2026-12-22,2026-09-22,barrier_clear,2,barrier_clear,False,True,calls_puts
144,2,2027-03-22,2026-12-22,barrier_clear,4,barrier_clear,False,True,calls_puts
145,0,2026-09-22,,initial,0,initial,False,True,calls_puts
146,0,2026-09-22,,initial,0,initial,False,True,calls_puts
147,0,2026-09-22,,initial,0,initial,False,True,calls_puts
147,1,2026-12-22,2026-09-22,barrier_clear,2,barrier_clear,False,True,calls_puts
147,2,2027-03-22,2026-12-22,barrier_clear,4,barrier_clear,False,True,calls_puts
147,3,2027-06-22,2027-03-22,barrier_clear,6,barrier_clear,False,True,calls_puts
148,0,2026-09-22,,initial,0,initial,False,True,calls_puts
149,0,2026-09-22,,initial,0,initial,False,True,calls_puts
149,1,2026-12-22,2026-09-22,barrier_clear,2,barrier_clear,False,True,calls_puts
149,2,2027-03-22,2026-12-22,barrier_hit,3,pooled,True,True,calls_puts
149,3,2027-06-22,2027-03-22,barrier_hit,5,pooled,True,True,calls_puts
150,0,2026-09-22,,initial,0,initial,False,True,calls_puts
151,0,2026-09-22,,initial,0,initial,False,True,calls_puts
151,1,2026-12-22,2026-09-22,barrier_clear,2,barrier_clear,False,True,calls_puts
152,0,2026-09-22,,initial,0,initial,False,True,calls_puts
152,1,2026-12-22,2026-09-22,barrier_clear,2,barrier_clear,False,True,calls_puts
153,0,2026-09-22,,initial,0,initial,False,True,calls_puts
154,0,2026-09-22,,initial,0,initial,False,True,calls_puts
155,0,2026-09-22,,initial,0,initial,False,True,calls_puts
156,0,2026-09-22,,initial,0,initial,False,True,calls_puts
156,1,2026-12-22,2026-09-22,barrier_clear,2,barrier_clear,False,True,calls_puts
156,2,2027-03-22,2026-12-22,barrier_clear,4,barrier_clear,False,True,calls_puts
157,0,2026-09-22,,initial,0,initial,False,True,calls_puts
158,0,2026-09-22,,initial,0,initial,False,True,calls_puts
158,1,2026-12-22,2026-09-22,barrier_clear,2,barrier_clear,False,True,calls_puts
158,2,2027-03-22,2026-12-22,barrier_clear,4,barrier_clear,False,True,calls_puts
158,3,2027-06-22,2027-03-22,barrier_hit,5,pooled,True,True,calls_puts
159,0,2026-09-22,,initial,0,initial,False,True,calls_puts
160,0,2026-09-22,,initial,0,initial,False,True,calls_puts
161,0,2026-09-22,,initial,0,initial,False,True,calls_puts
162,0,2026-09-22,,initial,0,initial,False,True,calls_puts
163,0,2026-09-22,,initial,0,initial,False,True,calls_puts
163,1,2026-12-22,2026-09-22,barrier_clear,2,barrier_clear,False,True,calls_puts
163,2,2027-03-22,2026-12-22,barrier_clear,4,barrier_clear,False,True,calls_puts
164,0,2026-09-22,,initial,0,initial,False,True,calls_puts
165,0,2026-09-22,,initial,0,initial,False,True,calls_puts
166,0,2026-09-22,,initial,0,initial,False,True,calls_puts
167,0,2026-09-22,,initial,0,initial,False,True,calls_puts
167,1,2026-12-22,2026-09-22,barrier_clear,2,barrier_clear,False,True,calls_puts
167,2,2027-03-22,2026-12-22,barrier_hit,3,pooled,True,True,calls_puts
167,3,2027-06-22,2027-03-22,barrier_hit,5,pooled,True,True,calls_puts
168,0,2026-09-22,,initial,0,initial,False,True,calls_puts
169,0,2026-09-22,,initial,0,initial,False,True,calls_puts
169,1,2026-12-22,2026-09-22,barrier_clear,2,barrier_clear,False,True,calls_puts
169,2,2027-03-22,2026-12-22,barrier_clear,4,barrier_clear,False,True,calls_puts
169,3,2027-06-22,2027-03-22,barrier_hit,5,pooled,True,True,calls_puts
170,0,2026-09-22,,initial,0,initial,False,True,calls_puts
171,0,2026-09-22,,initial,0,initial,False,True,calls_puts
172,0,2026-09-22,,initial,0,initial,False,True,calls_puts
173,0,2026-09-22,,initial,0,initial,False,True,calls_puts
173,1,2026-12-22,2026-09-22,barrier_clear,2,barrier_clear,False,True,calls_puts
173,2,2027-03-22,2026-12-22,barrier_clear,4,barrier_clear,False,True,calls_puts
173,3,2027-06-22,2027-03-22,barrier_clear,6,barrier_clear,False,True,calls_puts
174,0,2026-09-22,,initial,0,initial,False,True,calls_puts
175,0,2026-09-22,,initial,0,initial,False,True,calls_puts
175,1,2026-12-22,2026-09-22,barrier_clear,2,barrier_clear,False,True,calls_puts
175,2,2027-03-22,2026-12-22,barrier_clear,4,barrier_clear,False,True,calls_puts
175,3,2027-06-22,2027-03-22,barrier_clear,6,barrier_clear,False,True,calls_puts
176,0,2026-09-22,,initial,0,initial,False,True,calls_puts
176,1,2026-12-22,2026-09-22,barrier_clear,2,barrier_clear,False,True,calls_puts
176,2,2027-03-22,2026-12-22,barrier_hit,3,pooled,True,True,calls_puts
176,3,2027-06-22,2027-03-22,barrier_hit,5,pooled,True,True,calls_puts
177,0,2026-09-22,,initial,0,initial,False,True,calls_puts
178,0,2026-09-22,,initial,0,initial,False,True,calls_puts
179,0,2026-09-22,,initial,0,initial,False,True,calls_puts
180,0,2026-09-22,,initial,0,initial,False,True,calls_puts
181,0,2026-09-22,,initial,0,initial,False,True,calls_puts
181,1,2026-12-22,2026-09-22,barrier_clear,2,barrier_clear,False,True,calls_puts
181,2,2027-03-22,2026-12-22,barrier_clear,4,barrier_clear,False,True,calls_puts
181,3,2027-06-22,2027-03-22,barrier_hit,5,pooled,True,True,calls_puts
182,0,2026-09-22,,initial,0,initial,False,True,calls_puts
183,0,2026-09-22,,initial,0,initial,False,True,calls_puts
183,1,2026-12-22,2026-09-22,barrier_clear,2,barrier_clear,False,True,calls_puts
183,2,2027-03-22,2026-12-22,barrier_clear,4,barrier_clear,False,True,calls_puts
184,0,2026-09-22,,initial,0,initial,False,True,calls_puts
185,0,2026-09-22,,initial,0,initial,False,True,calls_puts
186,0,2026-09-22,,initial,0,initial,False,True,calls_puts
187,0,2026-09-22,,initial,0,initial,False,True,calls_puts
188,0,2026-09-22,,initial,0,initial,False,True,calls_puts
188,1,2026-12-22,2026-09-22,barrier_clear,2,barrier_clear,False,True,calls_puts
189,0,2026-09-22,,initial,0,initial,False,True,calls_puts
190,0,2026-09-22,,initial,0,initial,False,True,calls_puts
191,0,2026-09-22,,initial,0,initial,False,True,calls_puts
192,0,2026-09-22,,initial,0,initial,False,True,calls_puts
192,1,2026-12-22,2026-09-22,barrier_clear,2,barrier_clear,False,True,calls_puts
192,2,2027-03-22,2026-12-22,barrier_clear,4,barrier_clear,False,True,calls_puts
193,0,2026-09-22,,initial,0,initial,False,True,calls_puts
193,1,2026-12-22,2026-09-22,barrier_clear,2,barrier_clear,False,True,calls_puts
193,2,2027-03-22,2026-12-22,barrier_clear,4,barrier_clear,False,True,calls_puts
193,3,2027-06-22,2027-03-22,barrier_clear,6,barrier_clear,False,True,calls_puts
194,0,2026-09-22,,initial,0,initial,False,True,calls_puts
194,1,2026-12-22,2026-09-22,barrier_clear,2,barrier_clear,False,True,calls_puts
194,2,2027-03-22,2026-12-22,barrier_clear,4,barrier_clear,False,True,calls_puts
194,3,2027-06-22,2027-03-22,barrier_clear,6,barrier_clear,False,True,calls_puts
195,0,2026-09-22,,initial,0,initial,False,True,calls_puts
196,0,2026-09-22,,initial,0,initial,False,True,calls_puts
196,1,2026-12-22,2026-09-22,barrier_clear,2,barrier_clear,False,True,calls_puts
196,2,2027-03-22,2026-12-22,barrier_clear,4,barrier_clear,False,True,calls_puts
196,3,2027-06-22,2027-03-22,barrier_clear,6,barrier_clear,False,True,calls_puts
197,0,2026-09-22,,initial,0,initial,False,True,calls_puts
198,0,2026-09-22,,initial,0,initial,False,True,calls_puts
198,1,2026-12-22,2026-09-22,barrier_clear,2,barrier_clear,False,True,calls_puts
198,2,2027-03-22,2026-12-22,barrier_clear,4,barrier_clear,False,True,calls_puts
198,3,2027-06-22,2027-03-22,barrier_clear,6,barrier_clear,False,True,calls_puts
199,0,2026-09-22,,initial,0,initial,False,True,calls_puts
199,1,2026-12-22,2026-09-22,barrier_clear,2,barrier_clear,False,True,calls_puts
200,0,2026-09-22,,initial,0,initial,False,True,calls_puts
201,0,2026-09-22,,initial,0,initial,False,True,calls_puts
201,1,2026-12-22,2026-09-22,barrier_clear,2,barrier_clear,False,True,calls_puts
201,2,2027-03-22,2026-12-22,barrier_clear,4,barrier_clear,False,True,calls_puts
201,3,2027-06-22,2027-03-22,barrier_clear,6,barrier_clear,False,True,calls_puts
202,0,2026-09-22,,initial,0,initial,False,True,calls_puts
203,0,2026-09-22,,initial,0,initial,False,True,calls_puts
204,0,2026-09-22,,initial,0,initial,False,True,calls_puts
204,1,2026-12-22,2026-09-22,barrier_clear,2,barrier_clear,False,True,calls_puts
205,0,2026-09-22,,initial,0,initial,False,True,calls_puts
205,1,2026-12-22,2026-09-22,barrier_clear,2,barrier_clear,False,True,calls_puts
205,2,2027-03-22,2026-12-22,barrier_clear,4,barrier_clear,False,True,calls_puts
205,3,2027-06-22,2027-03-22,barrier_clear,6,barrier_clear,False,True,calls_puts
206,0,2026-09-22,,initial,0,initial,False,True,calls_puts
207,0,2026-09-22,,initial,0,initial,False,True,calls_puts
208,0,2026-09-22,,initial,0,initial,False,True,calls_puts
208,1,2026-12-22,2026-09-22,barrier_clear,2,barrier_clear,False,True,calls_puts
208,2,2027-03-22,2026-12-22,barrier_clear,4,barrier_clear,False,True,calls_puts
208,3,2027-06-22,2027-03-22,barrier_clear,6,barrier_clear,False,True,calls_puts
209,0,2026-09-22,,initial,0,initial,False,True,calls_puts
210,0,2026-09-22,,initial,0,initial,False,True,calls_puts
211,0,2026-09-22,,initial,0,initial,False,True,calls_puts
212,0,2026-09-22,,initial,0,initial,False,True,calls_puts
212,1,2026-12-22,2026-09-22,barrier_clear,2,barrier_clear,False,True,calls_puts
212,2,2027-03-22,2026-12-22,barrier_clear,4,barrier_clear,False,True,calls_puts
212,3,2027-06-22,2027-03-22,barrier_clear,6,barrier_clear,False,True,calls_puts
213,0,2026-09-22,,initial,0,initial,False,True,calls_puts
213,1,2026-12-22,2026-09-22,barrier_clear,2,barrier_clear,False,True,calls_puts
213,2,2027-03-22,2026-12-22,barrier_clear,4,barrier_clear,False,True,calls_puts
214,0,2026-09-22,,initial,0,initial,False,True,calls_puts
215,0,2026-09-22,,initial,0,initial,False,True,calls_puts
216,0,2026-09-22,,initial,0,initial,False,True,calls_puts
216,1,2026-12-22,2026-09-22,barrier_clear,2,barrier_clear,False,True,calls_puts
216,2,2027-03-22,2026-12-22,barrier_hit,3,pooled,True,True,calls_puts
216,3,2027-06-22,2027-03-22,barrier_hit,5,pooled,True,True,calls_puts
217,0,2026-09-22,,initial,0,initial,False,True,calls_puts
218,0,2026-09-22,,initial,0,initial,False,True,calls_puts
218,1,2026-12-22,2026-09-22,barrier_clear,2,barrier_clear,False,True,calls_puts
218,2,2027-03-22,2026-12-22,barrier_clear,4,barrier_clear,False,True,calls_puts
218,3,2027-06-22,2027-03-22,barrier_clear,6,barrier_clear,False,True,calls_puts
219,0,2026-09-22,,initial,0,initial,False,True,calls_puts
220,0,2026-09-22,,initial,0,initial,False,True,calls_puts
221,0,2026-09-22,,initial,0,initial,False,True,calls_puts
221,1,2026-12-22,2026-09-22,barrier_clear,2,barrier_clear,False,True,calls_puts
221,2,2027-03-22,2026-12-22,barrier_clear,4,barrier_clear,False,True,calls_puts
222,0,2026-09-22,,initial,0,initial,False,True,calls_puts
223,0,2026-09-22,,initial,0,initial,False,True,calls_puts
224,0,2026-09-22,,initial,0,initial,False,True,calls_puts
225,0,2026-09-22,,initial,0,initial,False,True,calls_puts
226,0,2026-09-22,,initial,0,initial,False,True,calls_puts
227,0,2026-09-22,,initial,0,initial,False,True,calls_puts
228,0,2026-09-22,,initial,0,initial,False,True,calls_puts
229,0,2026-09-22,,initial,0,initial,False,True,calls_puts
229,1,2026-12-22,2026-09-22,barrier_clear,2,barrier_clear,False,True,calls_puts
229,2,2027-03-22,2026-12-22,barrier_clear,4,barrier_clear,False,True,calls_puts
229,3,2027-06-22,2027-03-22,barrier_clear,6,barrier_clear,False,True,calls_puts
230,0,2026-09-22,,initial,0,initial,False,True,calls_puts
231,0,2026-09-22,,initial,0,initial,False,True,calls_puts
232,0,2026-09-22,,initial,0,initial,False,True,calls_puts
232,1,2026-12-22,2026-09-22,barrier_clear,2,barrier_clear,False,True,calls_puts
232,2,2027-03-22,2026-12-22,barrier_clear,4,barrier_clear,False,True,calls_puts
232,3,2027-06-22,2027-03-22,barrier_clear,6,barrier_clear,False,True,calls_puts
233,0,2026-09-22,,initial,0,initial,False,True,calls_puts
234,0,2026-09-22,,initial,0,initial,False,True,calls_puts
234,1,2026-12-22,2026-09-22,barrier_clear,2,barrier_clear,False,True,calls_puts
234,2,2027-03-22,2026-12-22,barrier_clear,4,barrier_clear,False,True,calls_puts
235,0,2026-09-22,,initial,0,initial,False,True,calls_puts
236,0,2026-09-22,,initial,0,initial,False,True,calls_puts
236,1,2026-12-22,2026-09-22,barrier_clear,2,barrier_clear,False,True,calls_puts
236,2,2027-03-22,2026-12-22,barrier_clear,4,barrier_clear,False,True,calls_puts
236,3,2027-06-22,2027-03-22,barrier_clear,6,barrier_clear,False,True,calls_puts
237,0,2026-09-22,,initial,0,initial,False,True,calls_puts
237,1,2026-12-22,2026-09-22,barrier_clear,2,barrier_clear,False,True,calls_puts
237,2,2027-03-22,2026-12-22,barrier_clear,4,barrier_clear,False,True,calls_puts
237,3,2027-06-22,2027-03-22,barrier_clear,6,barrier_clear,False,True,calls_puts
238,0,2026-09-22,,initial,0,initial,False,True,calls_puts
239,0,2026-09-22,,initial,0,initial,False,True,calls_puts
239,1,2026-12-22,2026-09-22,barrier_clear,2,barrier_clear,False,True,calls_puts
240,0,2026-09-22,,initial,0,initial,False,True,calls_puts
240,1,2026-12-22,2026-09-22,barrier_clear,2,barrier_clear,False,True,calls_puts
240,2,2027-03-22,2026-12-22,barrier_clear,4,barrier_clear,False,True,calls_puts
240,3,2027-06-22,2027-03-22,barrier_clear,6,barrier_clear,False,True,calls_puts
241,0,2026-09-22,,initial,0,initial,False,True,calls_puts
241,1,2026-12-22,2026-09-22,barrier_clear,2,barrier_clear,False,True,calls_puts
241,2,2027-03-22,2026-12-22,barrier_clear,4,barrier_clear,False,True,calls_puts
241,3,2027-06-22,2027-03-22,barrier_clear,6,barrier_clear,False,True,calls_puts
242,0,2026-09-22,,initial,0,initial,False,True,calls_puts
243,0,2026-09-22,,initial,0,initial,False,True,calls_puts
243,1,2026-12-22,2026-09-22,barrier_clear,2,barrier_clear,False,True,calls_puts
243,2,2027-03-22,2026-12-22,barrier_clear,4,barrier_clear,False,True,calls_puts
243,3,2027-06-22,2027-03-22,barrier_clear,6,barrier_clear,False,True,calls_puts
244,0,2026-09-22,,initial,0,initial,False,True,calls_puts
245,0,2026-09-22,,initial,0,initial,False,True,calls_puts
246,0,2026-09-22,,initial,0,initial,False,True,calls_puts
247,0,2026-09-22,,initial,0,initial,False,True,calls_puts
248,0,2026-09-22,,initial,0,initial,False,True,calls_puts
248,1,2026-12-22,2026-09-22,barrier_clear,2,barrier_clear,False,True,calls_puts
249,0,2026-09-22,,initial,0,initial,False,True,calls_puts
249,1,2026-12-22,2026-09-22,barrier_clear,2,barrier_clear,False,True,calls_puts
249,2,2027-03-22,2026-12-22,barrier_clear,4,barrier_clear,False,True,calls_puts
249,3,2027-06-22,2027-03-22,barrier_clear,6,barrier_clear,False,True,calls_puts
250,0,2026-09-22,,initial,0,initial,False,True,calls_puts
250,1,2026-12-22,2026-09-22,barrier_clear,2,barrier_clear,False,True,calls_puts
250,2,2027-03-22,2026-12-22,barrier_clear,4,barrier_clear,False,True,calls_puts
250,3,2027-06-22,2027-03-22,barrier_clear,6,barrier_clear,False,True,calls_puts
251,0,2026-09-22,,initial,0,initial,False,True,calls_puts
251,1,2026-12-22,2026-09-22,barrier_clear,2,barrier_clear,False,True,calls_puts
251,2,2027-03-22,2026-12-22,barrier_clear,4,barrier_clear,False,True,calls_puts
252,0,2026-09-22,,initial,0,initial,False,True,calls_puts
253,0,2026-09-22,,initial,0,initial,False,True,calls_puts
254,0,2026-09-22,,initial,0,initial,False,True,calls_puts
255,0,2026-09-22,,initial,0,initial,False,True,calls_puts
255,1,2026-12-22,2026-09-22,barrier_clear,2,barrier_clear,False,True,calls_puts
255,2,2027-03-22,2026-12-22,barrier_clear,4,barrier_clear,False,True,calls_puts
256,0,2026-09-22,,initial,0,initial,False,True,calls_puts
257,0,2026-09-22,,initial,0,initial,False,True,calls_puts
257,1,2026-12-22,2026-09-22,barrier_clear,2,barrier_clear,False,True,calls_puts
257,2,2027-03-22,2026-12-22,barrier_clear,4,barrier_clear,False,True,calls_puts
257,3,2027-06-22,2027-03-22,barrier_hit,5,pooled,True,True,calls_puts
258,0,2026-09-22,,initial,0,initial,False,True,calls_puts
258,1,2026-12-22,2026-09-22,barrier_clear,2,barrier_clear,False,True,calls_puts
258,2,2027-03-22,2026-12-22,barrier_clear,4,barrier_clear,False,True,calls_puts
259,0,2026-09-22,,initial,0,initial,False,True,calls_puts
259,1,2026-12-22,2026-09-22,barrier_clear,2,barrier_clear,False,True,calls_puts
259,2,2027-03-22,2026-12-22,barrier_clear,4,barrier_clear,False,True,calls_puts
259,3,2027-06-22,2027-03-22,barrier_clear,6,barrier_clear,False,True,calls_puts
260,0,2026-09-22,,initial,0,initial,False,True,calls_puts
260,1,2026-12-22,2026-09-22,barrier_clear,2,barrier_clear,False,True,calls_puts
260,2,2027-03-22,2026-12-22,barrier_clear,4,barrier_clear,False,True,calls_puts
260,3,2027-06-22,2027-03-22,barrier_clear,6,barrier_clear,False,True,calls_puts
261,0,2026-09-22,,initial,0,initial,False,True,calls_puts
261,1,2026-12-22,2026-09-22,barrier_clear,2,barrier_clear,False,True,calls_puts
261,2,2027-03-22,2026-12-22,barrier_clear,4,barrier_clear,False,True,calls_puts
262,0,2026-09-22,,initial,0,initial,False,True,calls_puts
263,0,2026-09-22,,initial,0,initial,False,True,calls_puts
264,0,2026-09-22,,initial,0,initial,False,True,calls_puts
265,0,2026-09-22,,initial,0,initial,False,True,calls_puts
266,0,2026-09-22,,initial,0,initial,False,True,calls_puts
266,1,2026-12-22,2026-09-22,barrier_clear,2,barrier_clear,False,True,calls_puts
266,2,2027-03-22,2026-12-22,barrier_clear,4,barrier_clear,False,True,calls_puts
266,3,2027-06-22,2027-03-22,barrier_clear,6,barrier_clear,False,True,calls_puts
267,0,2026-09-22,,initial,0,initial,False,True,calls_puts
268,0,2026-09-22,,initial,0,initial,False,True,calls_puts
269,0,2026-09-22,,initial,0,initial,False,True,calls_puts
270,0,2026-09-22,,initial,0,initial,False,True,calls_puts
271,0,2026-09-22,,initial,0,initial,False,True,calls_puts
272,0,2026-09-22,,initial,0,initial,False,True,calls_puts
273,0,2026-09-22,,initial,0,initial,False,True,calls_puts
273,1,2026-12-22,2026-09-22,barrier_clear,2,barrier_clear,False,True,calls_puts
273,2,2027-03-22,2026-12-22,barrier_clear,4,barrier_clear,False,True,calls_puts
273,3,2027-06-22,2027-03-22,barrier_hit,5,pooled,True,True,calls_puts
274,0,2026-09-22,,initial,0,initial,False,True,calls_puts
275,0,2026-09-22,,initial,0,initial,False,True,calls_puts
276,0,2026-09-22,,initial,0,initial,False,True,calls_puts
276,1,2026-12-22,2026-09-22,barrier_clear,2,barrier_clear,False,True,calls_puts
277,0,2026-09-22,,initial,0,initial,False,True,calls_puts
277,1,2026-12-22,2026-09-22,barrier_clear,2,barrier_clear,False,True,calls_puts
277,2,2027-03-22,2026-12-22,barrier_clear,4,barrier_clear,False,True,calls_puts
277,3,2027-06-22,2027-03-22,barrier_clear,6,barrier_clear,False,True,calls_puts
278,0,2026-09-22,,initial,0,initial,False,True,calls_puts
279,0,2026-09-22,,initial,0,initial,False,True,calls_puts
279,1,2026-12-22,2026-09-22,barrier_clear,2,barrier_clear,False,True,calls_puts
279,2,2027-03-22,2026-12-22,barrier_clear,4,barrier_clear,False,True,calls_puts
280,0,2026-09-22,,initial,0,initial,False,True,calls_puts
281,0,2026-09-22,,initial,0,initial,False,True,calls_puts
282,0,2026-09-22,,initial,0,initial,False,True,calls_puts
283,0,2026-09-22,,initial,0,initial,False,True,calls_puts
283,1,2026-12-22,2026-09-22,barrier_clear,2,barrier_clear,False,True,calls_puts
283,2,2027-03-22,2026-12-22,barrier_clear,4,barrier_clear,False,True,calls_puts
283,3,2027-06-22,2027-03-22,barrier_clear,6,barrier_clear,False,True,calls_puts
284,0,2026-09-22,,initial,0,initial,False,True,calls_puts
284,1,2026-12-22,2026-09-22,barrier_clear,2,barrier_clear,False,True,calls_puts
284,2,2027-03-22,2026-12-22,barrier_clear,4,barrier_clear,False,True,calls_puts
284,3,2027-06-22,2027-03-22,barrier_clear,6,barrier_clear,False,True,calls_puts
285,0,2026-09-22,,initial,0,initial,False,True,calls_puts
285,1,2026-12-22,2026-09-22,barrier_clear,2,barrier_clear,False,True,calls_puts
285,2,2027-03-22,2026-12-22,barrier_clear,4,barrier_clear,False,True,calls_puts
286,0,2026-09-22,,initial,0,initial,False,True,calls_puts
286,1,2026-12-22,2026-09-22,barrier_clear,2,barrier_clear,False,True,calls_puts
287,0,2026-09-22,,initial,0,initial,False,True,calls_puts
288,0,2026-09-22,,initial,0,initial,False,True,calls_puts
289,0,2026-09-22,,initial,0,initial,False,True,calls_puts
289,1,2026-12-22,2026-09-22,barrier_clear,2,barrier_clear,False,True,calls_puts
289,2,2027-03-22,2026-12-22,barrier_clear,4,barrier_clear,False,True,calls_puts
289,3,2027-06-22,2027-03-22,barrier_clear,6,barrier_clear,False,True,calls_puts
290,0,2026-09-22,,initial,0,initial,False,True,calls_puts
291,0,2026-09-22,,initial,0,initial,False,True,calls_puts
292,0,2026-09-22,,initial,0,initial,False,True,calls_puts
292,1,2026-12-22,2026-09-22,barrier_clear,2,barrier_clear,False,True,calls_puts
292,2,2027-03-22,2026-12-22,barrier_clear,4,barrier_clear,False,True,calls_puts
292,3,2027-06-22,2027-03-22,barrier_clear,6,barrier_clear,False,True,calls_puts
293,0,2026-09-22,,initial,0,initial,False,True,calls_puts
294,0,2026-09-22,,initial,0,initial,False,True,calls_puts
294,1,2026-12-22,2026-09-22,barrier_clear,2,barrier_clear,False,True,calls_puts
294,2,2027-03-22,2026-12-22,barrier_hit,3,pooled,True,True,calls_puts
294,3,2027-06-22,2027-03-22,barrier_hit,5,pooled,True,True,calls_puts
295,0,2026-09-22,,initial,0,initial,False,True,calls_puts
296,0,2026-09-22,,initial,0,initial,False,True,calls_puts
296,1,2026-12-22,2026-09-22,barrier_clear,2,barrier_clear,False,True,calls_puts
296,2,2027-03-22,2026-12-22,barrier_clear,4,barrier_clear,False,True,calls_puts
296,3,2027-06-22,2027-03-22,barrier_clear,6,barrier_clear,False,True,calls_puts
297,0,2026-09-22,,initial,0,initial,False,True,calls_puts
297,1,2026-12-22,2026-09-22,barrier_clear,2,barrier_clear,False,True,calls_puts
297,2,2027-03-22,2026-12-22,barrier_clear,4,barrier_clear,False,True,calls_puts
297,3,2027-06-22,2027-03-22,barrier_clear,6,barrier_clear,False,True,calls_puts
298,0,2026-09-22,,initial,0,initial,False,True,calls_puts
298,1,2026-12-22,2026-09-22,barrier_clear,2,barrier_clear,False,True,calls_puts
298,2,2027-03-22,2026-12-22,barrier_clear,4,barrier_clear,False,True,calls_puts
299,0,2026-09-22,,initial,0,initial,False,True,calls_puts
0,0,2026-09-22,,initial,0,initial,False,True,full
1,0,2026-09-22,,initial,0,initial,False,True,full
1,1,2026-12-22,2026-09-22,barrier_clear,2,barrier_clear,False,True,full
1,2,2027-03-22,2026-12-22,barrier_clear,4,barrier_clear,False,True,full
1,3,2027-06-22,2027-03-22,barrier_clear,6,barrier_clear,False,True,full
2,0,2026-09-22,,initial,0,initial,False,True,full
3,0,2026-09-22,,initial,0,initial,False,True,full
3,1,2026-12-22,2026-09-22,barrier_clear,2,barrier_clear,False,True,full
3,2,2027-03-22,2026-12-22,barrier_clear,4,barrier_clear,False,True,full
4,0,2026-09-22,,initial,0,initial,False,True,full
4,1,2026-12-22,2026-09-22,barrier_clear,2,barrier_clear,False,True,full
4,2,2027-03-22,2026-12-22,barrier_clear,4,barrier_clear,False,True,full
5,0,2026-09-22,,initial,0,initial,False,True,full
5,1,2026-12-22,2026-09-22,barrier_clear,2,barrier_clear,False,True,full
6,0,2026-09-22,,initial,0,initial,False,True,full
7,0,2026-09-22,,initial,0,initial,False,True,full
8,0,2026-09-22,,initial,0,initial,False,True,full
8,1,2026-12-22,2026-09-22,barrier_clear,2,barrier_clear,False,True,full
8,2,2027-03-22,2026-12-22,barrier_clear,4,barrier_clear,False,True,full
8,3,2027-06-22,2027-03-22,barrier_clear,6,barrier_clear,False,True,full
9,0,2026-09-22,,initial,0,initial,False,True,full
9,1,2026-12-22,2026-09-22,barrier_clear,2,barrier_clear,False,True,full
10,0,2026-09-22,,initial,0,initial,False,True,full
11,0,2026-09-22,,initial,0,initial,False,True,full
11,1,2026-12-22,2026-09-22,barrier_clear,2,barrier_clear,False,True,full
12,0,2026-09-22,,initial,0,initial,False,True,full
12,1,2026-12-22,2026-09-22,barrier_clear,2,barrier_clear,False,True,full
13,0,2026-09-22,,initial,0,initial,False,True,full
14,0,2026-09-22,,initial,0,initial,False,True,full
15,0,2026-09-22,,initial,0,initial,False,True,full
15,1,2026-12-22,2026-09-22,barrier_clear,2,barrier_clear,False,True,full
16,0,2026-09-22,,initial,0,initial,False,True,full
16,1,2026-12-22,2026-09-22,barrier_clear,2,barrier_clear,False,True,full
16,2,2027-03-22,2026-12-22,barrier_clear,4,barrier_clear,False,True,full
16,3,2027-06-22,2027-03-22,barrier_clear,6,barrier_clear,False,True,full
17,0,2026-09-22,,initial,0,initial,False,True,full
17,1,2026-12-22,2026-09-22,barrier_clear,2,barrier_clear,False,True,full
18,0,2026-09-22,,initial,0,initial,False,True,full
19,0,2026-09-22,,initial,0,initial,False,True,full
20,0,2026-09-22,,initial,0,initial,False,True,full
20,1,2026-12-22,2026-09-22,barrier_clear,2,barrier_clear,False,True,full
20,2,2027-03-22,2026-12-22,barrier_clear,4,barrier_clear,False,True,full
21,0,2026-09-22,,initial,0,initial,False,True,full
22,0,2026-09-22,,initial,0,initial,False,True,full
23,0,2026-09-22,,initial,0,initial,False,True,full
24,0,2026-09-22,,initial,0,initial,False,True,full
24,1,2026-12-22,2026-09-22,barrier_clear,2,barrier_clear,False,True,full
24,2,2027-03-22,2026-12-22,barrier_clear,4,barrier_clear,False,True,full
24,3,2027-06-22,2027-03-22,barrier_clear,6,barrier_clear,False,True,full
25,0,2026-09-22,,initial,0,initial,False,True,full
25,1,2026-12-22,2026-09-22,barrier_clear,2,barrier_clear,False,True,full
25,2,2027-03-22,2026-12-22,barrier_clear,4,barrier_clear,False,True,full
25,3,2027-06-22,2027-03-22,barrier_clear,6,barrier_clear,False,True,full
26,0,2026-09-22,,initial,0,initial,False,True,full
27,0,2026-09-22,,initial,0,initial,False,True,full
27,1,2026-12-22,2026-09-22,barrier_clear,2,barrier_clear,False,True,full
27,2,2027-03-22,2026-12-22,barrier_clear,4,barrier_clear,False,True,full
27,3,2027-06-22,2027-03-22,barrier_clear,6,barrier_clear,False,True,full
28,0,2026-09-22,,initial,0,initial,False,True,full
29,0,2026-09-22,,initial,0,initial,False,True,full
29,1,2026-12-22,2026-09-22,barrier_clear,2,barrier_clear,False,True,full
30,0,2026-09-22,,initial,0,initial,False,True,full
30,1,2026-12-22,2026-09-22,barrier_clear,2,barrier_clear,False,True,full
30,2,2027-03-22,2026-12-22,barrier_clear,4,barrier_clear,False,True,full
30,3,2027-06-22,2027-03-22,barrier_clear,6,barrier_clear,False,True,full
31,0,2026-09-22,,initial,0,initial,False,True,full
31,1,2026-12-22,2026-09-22,barrier_clear,2,barrier_clear,False,True,full
32,0,2026-09-22,,initial,0,initial,False,True,full
33,0,2026-09-22,,initial,0,initial,False,True,full
33,1,2026-12-22,2026-09-22,barrier_clear,2,barrier_clear,False,True,full
34,0,2026-09-22,,initial,0,initial,False,True,full
35,0,2026-09-22,,initial,0,initial,False,True,full
35,1,2026-12-22,2026-09-22,barrier_clear,2,barrier_clear,False,True,full
35,2,2027-03-22,2026-12-22,barrier_clear,4,barrier_clear,False,True,full
35,3,2027-06-22,2027-03-22,barrier_clear,6,barrier_clear,False,True,full
36,0,2026-09-22,,initial,0,initial,False,True,full
37,0,2026-09-22,,initial,0,initial,False,True,full
38,0,2026-09-22,,initial,0,initial,False,True,full
39,0,2026-09-22,,initial,0,initial,False,True,full
40,0,2026-09-22,,initial,0,initial,False,True,full
41,0,2026-09-22,,initial,0,initial,False,True,full
42,0,2026-09-22,,initial,0,initial,False,True,full
42,1,2026-12-22,2026-09-22,barrier_clear,2,barrier_clear,False,True,full
43,0,2026-09-22,,initial,0,initial,False,True,full
43,1,2026-12-22,2026-09-22,barrier_clear,2,barrier_clear,False,True,full
43,2,2027-03-22,2026-12-22,barrier_clear,4,barrier_clear,False,True,full
43,3,2027-06-22,2027-03-22,barrier_clear,6,barrier_clear,False,True,full
44,0,2026-09-22,,initial,0,initial,False,True,full
45,0,2026-09-22,,initial,0,initial,False,True,full
45,1,2026-12-22,2026-09-22,barrier_clear,2,barrier_clear,False,True,full
45,2,2027-03-22,2026-12-22,barrier_clear,4,barrier_clear,False,True,full
45,3,2027-06-22,2027-03-22,barrier_clear,6,barrier_clear,False,True,full
46,0,2026-09-22,,initial,0,initial,False,True,full
47,0,2026-09-22,,initial,0,initial,False,True,full
47,1,2026-12-22,2026-09-22,barrier_clear,2,barrier_clear,False,True,full
48,0,2026-09-22,,initial,0,initial,False,True,full
48,1,2026-12-22,2026-09-22,barrier_clear,2,barrier_clear,False,True,full
48,2,2027-03-22,2026-12-22,barrier_clear,4,barrier_clear,False,True,full
49,0,2026-09-22,,initial,0,initial,False,True,full
50,0,2026-09-22,,initial,0,initial,False,True,full
51,0,2026-09-22,,initial,0,initial,False,True,full
52,0,2026-09-22,,initial,0,initial,False,True,full
52,1,2026-12-22,2026-09-22,barrier_clear,2,barrier_clear,False,True,full
53,0,2026-09-22,,initial,0,initial,False,True,full
54,0,2026-09-22,,initial,0,initial,False,True,full
55,0,2026-09-22,,initial,0,initial,False,True,full
55,1,2026-12-22,2026-09-22,barrier_clear,2,barrier_clear,False,True,full
55,2,2027-03-22,2026-12-22,barrier_clear,4,barrier_clear,False,True,full
55,3,2027-06-22,2027-03-22,barrier_clear,6,barrier_clear,False,True,full
56,0,2026-09-22,,initial,0,initial,False,True,full
57,0,2026-09-22,,initial,0,initial,False,True,full
58,0,2026-09-22,,initial,0,initial,False,True,full
59,0,2026-09-22,,initial,0,initial,False,True,full
60,0,2026-09-22,,initial,0,initial,False,True,full
60,1,2026-12-22,2026-09-22,barrier_clear,2,barrier_clear,False,True,full
60,2,2027-03-22,2026-12-22,barrier_clear,4,barrier_clear,False,True,full
60,3,2027-06-22,2027-03-22,barrier_clear,6,barrier_clear,False,True,full
61,0,2026-09-22,,initial,0,initial,False,True,full
61,1,2026-12-22,2026-09-22,barrier_clear,2,barrier_clear,False,True,full
62,0,2026-09-22,,initial,0,initial,False,True,full
63,0,2026-09-22,,initial,0,initial,False,True,full
63,1,2026-12-22,2026-09-22,barrier_clear,2,barrier_clear,False,True,full
63,2,2027-03-22,2026-12-22,barrier_clear,4,barrier_clear,False,True,full
64,0,2026-09-22,,initial,0,initial,False,True,full
64,1,2026-12-22,2026-09-22,barrier_clear,2,barrier_clear,False,True,full
64,2,2027-03-22,2026-12-22,barrier_clear,4,barrier_clear,False,True,full
65,0,2026-09-22,,initial,0,initial,False,True,full
65,1,2026-12-22,2026-09-22,barrier_clear,2,barrier_clear,False,True,full
65,2,2027-03-22,2026-12-22,barrier_clear,4,barrier_clear,False,True,full
65,3,2027-06-22,2027-03-22,barrier_clear,6,barrier_clear,False,True,full
66,0,2026-09-22,,initial,0,initial,False,True,full
67,0,2026-09-22,,initial,0,initial,False,True,full
68,0,2026-09-22,,initial,0,initial,False,True,full
69,0,2026-09-22,,initial,0,initial,False,True,full
69,1,2026-12-22,2026-09-22,barrier_clear,2,barrier_clear,False,True,full
70,0,2026-09-22,,initial,0,initial,False,True,full
70,1,2026-12-22,2026-09-22,barrier_clear,2,barrier_clear,False,True,full
70,2,2027-03-22,2026-12-22,barrier_clear,4,barrier_clear,False,True,full
70,3,2027-06-22,2027-03-22,barrier_clear,6,barrier_clear,False,True,full
71,0,2026-09-22,,initial,0,initial,False,True,full
72,0,2026-09-22,,initial,0,initial,False,True,full
72,1,2026-12-22,2026-09-22,barrier_clear,2,barrier_clear,False,True,full
73,0,2026-09-22,,initial,0,initial,False,True,full
73,1,2026-12-22,2026-09-22,barrier_clear,2,barrier_clear,False,True,full
73,2,2027-03-22,2026-12-22,barrier_clear,4,barrier_clear,False,True,full
73,3,2027-06-22,2027-03-22,barrier_clear,6,barrier_clear,False,True,full
74,0,2026-09-22,,initial,0,initial,False,True,full
74,1,2026-12-22,2026-09-22,barrier_clear,2,barrier_clear,False,True,full
74,2,2027-03-22,2026-12-22,barrier_clear,4,barrier_clear,False,True,full
74,3,2027-06-22,2027-03-22,barrier_clear,6,barrier_clear,False,True,full
75,0,2026-09-22,,initial,0,initial,False,True,full
76,0,2026-09-22,,initial,0,initial,False,True,full
77,0,2026-09-22,,initial,0,initial,False,True,full
77,1,2026-12-22,2026-09-22,barrier_clear,2,barrier_clear,False,True,full
77,2,2027-03-22,2026-12-22,barrier_clear,4,barrier_clear,False,True,full
77,3,2027-06-22,2027-03-22,barrier_clear,6,barrier_clear,False,True,full
78,0,2026-09-22,,initial,0,initial,False,True,full
78,1,2026-12-22,2026-09-22,barrier_clear,2,barrier_clear,False,True,full
78,2,2027-03-22,2026-12-22,barrier_clear,4,barrier_clear,False,True,full
78,3,2027-06-22,2027-03-22,barrier_clear,6,barrier_clear,False,True,full
79,0,2026-09-22,,initial,0,initial,False,True,full
79,1,2026-12-22,2026-09-22,barrier_clear,2,barrier_clear,False,True,full
80,0,2026-09-22,,initial,0,initial,False,True,full
80,1,2026-12-22,2026-09-22,barrier_clear,2,barrier_clear,False,True,full
80,2,2027-03-22,2026-12-22,barrier_clear,4,barrier_clear,False,True,full
81,0,2026-09-22,,initial,0,initial,False,True,full
82,0,2026-09-22,,initial,0,initial,False,True,full
82,1,2026-12-22,2026-09-22,barrier_clear,2,barrier_clear,False,True,full
82,2,2027-03-22,2026-12-22,barrier_clear,4,barrier_clear,False,True,full
82,3,2027-06-22,2027-03-22,barrier_clear,6,barrier_clear,False,True,full
83,0,2026-09-22,,initial,0,initial,False,True,full
83,1,2026-12-22,2026-09-22,barrier_clear,2,barrier_clear,False,True,full
83,2,2027-03-22,2026-12-22,barrier_clear,4,barrier_clear,False,True,full
83,3,2027-06-22,2027-03-22,barrier_clear,6,barrier_clear,False,True,full
84,0,2026-09-22,,initial,0,initial,False,True,full
84,1,2026-12-22,2026-09-22,barrier_clear,2,barrier_clear,False,True,full
84,2,2027-03-22,2026-12-22,barrier_clear,4,barrier_clear,False,True,full
84,3,2027-06-22,2027-03-22,barrier_clear,6,barrier_clear,False,True,full
85,0,2026-09-22,,initial,0,initial,False,True,full
86,0,2026-09-22,,initial,0,initial,False,True,full
86,1,2026-12-22,2026-09-22,barrier_clear,2,barrier_clear,False,True,full
86,2,2027-03-22,2026-12-22,barrier_clear,4,barrier_clear,False,True,full
86,3,2027-06-22,2027-03-22,barrier_clear,6,barrier_clear,False,True,full
87,0,2026-09-22,,initial,0,initial,False,True,full
88,0,2026-09-22,,initial,0,initial,False,True,full
88,1,2026-12-22,2026-09-22,barrier_clear,2,barrier_clear,False,True,full
88,2,2027-03-22,2026-12-22,barrier_clear,4,barrier_clear,False,True,full
88,3,2027-06-22,2027-03-22,barrier_clear,6,barrier_clear,False,True,full
89,0,2026-09-22,,initial,0,initial,False,True,full
90,0,2026-09-22,,initial,0,initial,False,True,full
90,1,2026-12-22,2026-09-22,barrier_clear,2,barrier_clear,False,True,full
90,2,2027-03-22,2026-12-22,barrier_clear,4,barrier_clear,False,True,full
90,3,2027-06-22,2027-03-22,barrier_clear,6,barrier_clear,False,True,full
91,0,2026-09-22,,initial,0,initial,False,True,full
92,0,2026-09-22,,initial,0,initial,False,True,full
93,0,2026-09-22,,initial,0,initial,False,True,full
94,0,2026-09-22,,initial,0,initial,False,True,full
94,1,2026-12-22,2026-09-22,barrier_clear,2,barrier_clear,False,True,full
95,0,2026-09-22,,initial,0,initial,False,True,full
96,0,2026-09-22,,initial,0,initial,False,True,full
96,1,2026-12-22,2026-09-22,barrier_clear,2,barrier_clear,False,True,full
96,2,2027-03-22,2026-12-22,barrier_clear,4,barrier_clear,False,True,full
96,3,2027-06-22,2027-03-22,barrier_clear,6,barrier_clear,False,True,full
97,0,2026-09-22,,initial,0,initial,False,True,full
97,1,2026-12-22,2026-09-22,barrier_clear,2,barrier_clear,False,True,full
98,0,2026-09-22,,initial,0,initial,False,True,full
99,0,2026-09-22,,initial,0,initial,False,True,full
99,1,2026-12-22,2026-09-22,barrier_clear,2,barrier_clear,False,True,full
99,2,2027-03-22,2026-12-22,barrier_clear,4,barrier_clear,False,True,full
99,3,2027-06-22,2027-03-22,barrier_clear,6,barrier_clear,False,True,full
100,0,2026-09-22,,initial,0,initial,False,True,full
101,0,2026-09-22,,initial,0,initial,False,True,full
102,0,2026-09-22,,initial,0,initial,False,True,full
102,1,2026-12-22,2026-09-22,barrier_clear,2,barrier_clear,False,True,full
102,2,2027-03-22,2026-12-22,barrier_clear,4,barrier_clear,False,True,full
102,3,2027-06-22,2027-03-22,barrier_clear,6,barrier_clear,False,True,full
103,0,2026-09-22,,initial,0,initial,False,True,full
103,1,2026-12-22,2026-09-22,barrier_clear,2,barrier_clear,False,True,full
103,2,2027-03-22,2026-12-22,barrier_clear,4,barrier_clear,False,True,full
104,0,2026-09-22,,initial,0,initial,False,True,full
104,1,2026-12-22,2026-09-22,barrier_clear,2,barrier_clear,False,True,full
104,2,2027-03-22,2026-12-22,barrier_clear,4,barrier_clear,False,True,full
104,3,2027-06-22,2027-03-22,barrier_clear,6,barrier_clear,False,True,full
105,0,2026-09-22,,initial,0,initial,False,True,full
105,1,2026-12-22,2026-09-22,barrier_clear,2,barrier_clear,False,True,full
105,2,2027-03-22,2026-12-22,barrier_clear,4,barrier_clear,False,True,full
105,3,2027-06-22,2027-03-22,barrier_clear,6,barrier_clear,False,True,full
106,0,2026-09-22,,initial,0,initial,False,True,full
107,0,2026-09-22,,initial,0,initial,False,True,full
108,0,2026-09-22,,initial,0,initial,False,True,full
108,1,2026-12-22,2026-09-22,barrier_clear,2,barrier_clear,False,True,full
108,2,2027-03-22,2026-12-22,barrier_clear,4,barrier_clear,False,True,full
108,3,2027-06-22,2027-03-22,barrier_clear,6,barrier_clear,False,True,full
109,0,2026-09-22,,initial,0,initial,False,True,full
109,1,2026-12-22,2026-09-22,barrier_clear,2,barrier_clear,False,True,full
109,2,2027-03-22,2026-12-22,barrier_clear,4,barrier_clear,False,True,full
109,3,2027-06-22,2027-03-22,barrier_clear,6,barrier_clear,False,True,full
110,0,2026-09-22,,initial,0,initial,False,True,full
110,1,2026-12-22,2026-09-22,barrier_clear,2,barrier_clear,False,True,full
110,2,2027-03-22,2026-12-22,barrier_clear,4,barrier_clear,False,True,full
110,3,2027-06-22,2027-03-22,barrier_clear,6,barrier_clear,False,True,full
111,0,2026-09-22,,initial,0,initial,False,True,full
111,1,2026-12-22,2026-09-22,barrier_clear,2,barrier_clear,False,True,full
111,2,2027-03-22,2026-12-22,barrier_clear,4,barrier_clear,False,True,full
111,3,2027-06-22,2027-03-22,barrier_clear,6,barrier_clear,False,True,full
112,0,2026-09-22,,initial,0,initial,False,True,full
112,1,2026-12-22,2026-09-22,barrier_clear,2,barrier_clear,False,True,full
112,2,2027-03-22,2026-12-22,barrier_clear,4,barrier_clear,False,True,full
112,3,2027-06-22,2027-03-22,barrier_clear,6,barrier_clear,False,True,full
113,0,2026-09-22,,initial,0,initial,False,True,full
113,1,2026-12-22,2026-09-22,barrier_clear,2,barrier_clear,False,True,full
113,2,2027-03-22,2026-12-22,barrier_hit,3,pooled,True,True,full
113,3,2027-06-22,2027-03-22,barrier_hit,5,pooled,True,True,full
114,0,2026-09-22,,initial,0,initial,False,True,full
114,1,2026-12-22,2026-09-22,barrier_clear,2,barrier_clear,False,True,full
115,0,2026-09-22,,initial,0,initial,False,True,full
115,1,2026-12-22,2026-09-22,barrier_clear,2,barrier_clear,False,True,full
115,2,2027-03-22,2026-12-22,barrier_clear,4,barrier_clear,False,True,full
115,3,2027-06-22,2027-03-22,barrier_clear,6,barrier_clear,False,True,full
116,0,2026-09-22,,initial,0,initial,False,True,full
116,1,2026-12-22,2026-09-22,barrier_clear,2,barrier_clear,False,True,full
116,2,2027-03-22,2026-12-22,barrier_clear,4,barrier_clear,False,True,full
116,3,2027-06-22,2027-03-22,barrier_clear,6,barrier_clear,False,True,full
117,0,2026-09-22,,initial,0,initial,False,True,full
118,0,2026-09-22,,initial,0,initial,False,True,full
119,0,2026-09-22,,initial,0,initial,False,True,full
120,0,2026-09-22,,initial,0,initial,False,True,full
120,1,2026-12-22,2026-09-22,barrier_clear,2,barrier_clear,False,True,full
120,2,2027-03-22,2026-12-22,barrier_clear,4,barrier_clear,False,True,full
120,3,2027-06-22,2027-03-22,barrier_clear,6,barrier_clear,False,True,full
121,0,2026-09-22,,initial,0,initial,False,True,full
122,0,2026-09-22,,initial,0,initial,False,True,full
123,0,2026-09-22,,initial,0,initial,False,True,full
124,0,2026-09-22,,initial,0,initial,False,True,full
125,0,2026-09-22,,initial,0,initial,False,True,full
125,1,2026-12-22,2026-09-22,barrier_clear,2,barrier_clear,False,True,full
125,2,2027-03-22,2026-12-22,barrier_clear,4,barrier_clear,False,True,full
125,3,2027-06-22,2027-03-22,barrier_clear,6,barrier_clear,False,True,full
126,0,2026-09-22,,initial,0,initial,False,True,full
126,1,2026-12-22,2026-09-22,barrier_clear,2,barrier_clear,False,True,full
126,2,2027-03-22,2026-12-22,barrier_clear,4,barrier_clear,False,True,full
127,0,2026-09-22,,initial,0,initial,False,True,full
128,0,2026-09-22,,initial,0,initial,False,True,full
129,0,2026-09-22,,initial,0,initial,False,True,full
130,0,2026-09-22,,initial,0,initial,False,True,full
131,0,2026-09-22,,initial,0,initial,False,True,full
131,1,2026-12-22,2026-09-22,barrier_clear,2,barrier_clear,False,True,full
131,2,2027-03-22,2026-12-22,barrier_clear,4,barrier_clear,False,True,full
131,3,2027-06-22,2027-03-22,barrier_clear,6,barrier_clear,False,True,full
132,0,2026-09-22,,initial,0,initial,False,True,full
132,1,2026-12-22,2026-09-22,barrier_clear,2,barrier_clear,False,True,full
132,2,2027-03-22,2026-12-22,barrier_clear,4,barrier_clear,False,True,full
132,3,2027-06-22,2027-03-22,barrier_clear,6,barrier_clear,False,True,full
133,0,2026-09-22,,initial,0,initial,False,True,full
134,0,2026-09-22,,initial,0,initial,False,True,full
134,1,2026-12-22,2026-09-22,barrier_clear,2,barrier_clear,False,True,full
134,2,2027-03-22,2026-12-22,barrier_clear,4,barrier_clear,False,True,full
134,3,2027-06-22,2027-03-22,barrier_clear,6,barrier_clear,False,True,full
135,0,2026-09-22,,initial,0,initial,False,True,full
136,0,2026-09-22,,initial,0,initial,False,True,full
137,0,2026-09-22,,initial,0,initial,False,True,full
138,0,2026-09-22,,initial,0,initial,False,True,full
139,0,2026-09-22,,initial,0,initial,False,True,full
140,0,2026-09-22,,initial,0,initial,False,True,full
140,1,2026-12-22,2026-09-22,barrier_clear,2,barrier_clear,False,True,full
140,2,2027-03-22,2026-12-22,barrier_clear,4,barrier_clear,False,True,full
141,0,2026-09-22,,initial,0,initial,False,True,full
142,0,2026-09-22,,initial,0,initial,False,True,full
143,0,2026-09-22,,initial,0,initial,False,True,full
144,0,2026-09-22,,initial,0,initial,False,True,full
144,1,2026-12-22,2026-09-22,barrier_clear,2,barrier_clear,False,True,full
144,2,2027-03-22,2026-12-22,barrier_clear,4,barrier_clear,False,True,full
145,0,2026-09-22,,initial,0,initial,False,True,full
146,0,2026-09-22,,initial,0,initial,False,True,full
147,0,2026-09-22,,initial,0,initial,False,True,full
147,1,2026-12-22,2026-09-22,barrier_clear,2,barrier_clear,False,True,full
147,2,2027-03-22,2026-12-22,barrier_clear,4,barrier_clear,False,True,full
147,3,2027-06-22,2027-03-22,barrier_clear,6,barrier_clear,False,True,full
148,0,2026-09-22,,initial,0,initial,False,True,full
149,0,2026-09-22,,initial,0,initial,False,True,full
149,1,2026-12-22,2026-09-22,barrier_clear,2,barrier_clear,False,True,full
149,2,2027-03-22,2026-12-22,barrier_hit,3,pooled,True,True,full
149,3,2027-06-22,2027-03-22,barrier_hit,5,pooled,True,True,full
150,0,2026-09-22,,initial,0,initial,False,True,full
151,0,2026-09-22,,initial,0,initial,False,True,full
151,1,2026-12-22,2026-09-22,barrier_clear,2,barrier_clear,False,True,full
152,0,2026-09-22,,initial,0,initial,False,True,full
152,1,2026-12-22,2026-09-22,barrier_clear,2,barrier_clear,False,True,full
153,0,2026-09-22,,initial,0,initial,False,True,full
154,0,2026-09-22,,initial,0,initial,False,True,full
155,0,2026-09-22,,initial,0,initial,False,True,full
156,0,2026-09-22,,initial,0,initial,False,True,full
156,1,2026-12-22,2026-09-22,barrier_clear,2,barrier_clear,False,True,full
156,2,2027-03-22,2026-12-22,barrier_clear,4,barrier_clear,False,True,full
157,0,2026-09-22,,initial,0,initial,False,True,full
158,0,2026-09-22,,initial,0,initial,False,True,full
158,1,2026-12-22,2026-09-22,barrier_clear,2,barrier_clear,False,True,full
158,2,2027-03-22,2026-12-22,barrier_clear,4,barrier_clear,False,True,full
158,3,2027-06-22,2027-03-22,barrier_hit,5,pooled,True,True,full
159,0,2026-09-22,,initial,0,initial,False,True,full
160,0,2026-09-22,,initial,0,initial,False,True,full
161,0,2026-09-22,,initial,0,initial,False,True,full
162,0,2026-09-22,,initial,0,initial,False,True,full
163,0,2026-09-22,,initial,0,initial,False,True,full
163,1,2026-12-22,2026-09-22,barrier_clear,2,barrier_clear,False,True,full
163,2,2027-03-22,2026-12-22,barrier_clear,4,barrier_clear,False,True,full
164,0,2026-09-22,,initial,0,initial,False,True,full
165,0,2026-09-22,,initial,0,initial,False,True,full
166,0,2026-09-22,,initial,0,initial,False,True,full
167,0,2026-09-22,,initial,0,initial,False,True,full
167,1,2026-12-22,2026-09-22,barrier_clear,2,barrier_clear,False,True,full
167,2,2027-03-22,2026-12-22,barrier_hit,3,pooled,True,True,full
167,3,2027-06-22,2027-03-22,barrier_hit,5,pooled,True,True,full
168,0,2026-09-22,,initial,0,initial,False,True,full
169,0,2026-09-22,,initial,0,initial,False,True,full
169,1,2026-12-22,2026-09-22,barrier_clear,2,barrier_clear,False,True,full
169,2,2027-03-22,2026-12-22,barrier_clear,4,barrier_clear,False,True,full
169,3,2027-06-22,2027-03-22,barrier_hit,5,pooled,True,True,full
170,0,2026-09-22,,initial,0,initial,False,True,full
171,0,2026-09-22,,initial,0,initial,False,True,full
172,0,2026-09-22,,initial,0,initial,False,True,full
173,0,2026-09-22,,initial,0,initial,False,True,full
173,1,2026-12-22,2026-09-22,barrier_clear,2,barrier_clear,False,True,full
173,2,2027-03-22,2026-12-22,barrier_clear,4,barrier_clear,False,True,full
173,3,2027-06-22,2027-03-22,barrier_clear,6,barrier_clear,False,True,full
174,0,2026-09-22,,initial,0,initial,False,True,full
175,0,2026-09-22,,initial,0,initial,False,True,full
175,1,2026-12-22,2026-09-22,barrier_clear,2,barrier_clear,False,True,full
175,2,2027-03-22,2026-12-22,barrier_clear,4,barrier_clear,False,True,full
175,3,2027-06-22,2027-03-22,barrier_clear,6,barrier_clear,False,True,full
176,0,2026-09-22,,initial,0,initial,False,True,full
176,1,2026-12-22,2026-09-22,barrier_clear,2,barrier_clear,False,True,full
176,2,2027-03-22,2026-12-22,barrier_hit,3,pooled,True,True,full
176,3,2027-06-22,2027-03-22,barrier_hit,5,pooled,True,True,full
177,0,2026-09-22,,initial,0,initial,False,True,full
178,0,2026-09-22,,initial,0,initial,False,True,full
179,0,2026-09-22,,initial,0,initial,False,True,full
180,0,2026-09-22,,initial,0,initial,False,True,full
181,0,2026-09-22,,initial,0,initial,False,True,full
181,1,2026-12-22,2026-09-22,barrier_clear,2,barrier_clear,False,True,full
181,2,2027-03-22,2026-12-22,barrier_clear,4,barrier_clear,False,True,full
181,3,2027-06-22,2027-03-22,barrier_hit,5,pooled,True,True,full
182,0,2026-09-22,,initial,0,initial,False,True,full
183,0,2026-09-22,,initial,0,initial,False,True,full
183,1,2026-12-22,2026-09-22,barrier_clear,2,barrier_clear,False,True,full
183,2,2027-03-22,2026-12-22,barrier_clear,4,barrier_clear,False,True,full
184,0,2026-09-22,,initial,0,initial,False,True,full
185,0,2026-09-22,,initial,0,initial,False,True,full
186,0,2026-09-22,,initial,0,initial,False,True,full
187,0,2026-09-22,,initial,0,initial,False,True,full
188,0,2026-09-22,,initial,0,initial,False,True,full
188,1,2026-12-22,2026-09-22,barrier_clear,2,barrier_clear,False,True,full
189,0,2026-09-22,,initial,0,initial,False,True,full
190,0,2026-09-22,,initial,0,initial,False,True,full
191,0,2026-09-22,,initial,0,initial,False,True,full
192,0,2026-09-22,,initial,0,initial,False,True,full
192,1,2026-12-22,2026-09-22,barrier_clear,2,barrier_clear,False,True,full
192,2,2027-03-22,2026-12-22,barrier_clear,4,barrier_clear,False,True,full
193,0,2026-09-22,,initial,0,initial,False,True,full
193,1,2026-12-22,2026-09-22,barrier_clear,2,barrier_clear,False,True,full
193,2,2027-03-22,2026-12-22,barrier_clear,4,barrier_clear,False,True,full
193,3,2027-06-22,2027-03-22,barrier_clear,6,barrier_clear,False,True,full
194,0,2026-09-22,,initial,0,initial,False,True,full
194,1,2026-12-22,2026-09-22,barrier_clear,2,barrier_clear,False,True,full
194,2,2027-03-22,2026-12-22,barrier_clear,4,barrier_clear,False,True,full
194,3,2027-06-22,2027-03-22,barrier_clear,6,barrier_clear,False,True,full
195,0,2026-09-22,,initial,0,initial,False,True,full
196,0,2026-09-22,,initial,0,initial,False,True,full
196,1,2026-12-22,2026-09-22,barrier_clear,2,barrier_clear,False,True,full
196,2,2027-03-22,2026-12-22,barrier_clear,4,barrier_clear,False,True,full
196,3,2027-06-22,2027-03-22,barrier_clear,6,barrier_clear,False,True,full
197,0,2026-09-22,,initial,0,initial,False,True,full
198,0,2026-09-22,,initial,0,initial,False,True,full
198,1,2026-12-22,2026-09-22,barrier_clear,2,barrier_clear,False,True,full
198,2,2027-03-22,2026-12-22,barrier_clear,4,barrier_clear,False,True,full
198,3,2027-06-22,2027-03-22,barrier_clear,6,barrier_clear,False,True,full
199,0,2026-09-22,,initial,0,initial,False,True,full
199,1,2026-12-22,2026-09-22,barrier_clear,2,barrier_clear,False,True,full
200,0,2026-09-22,,initial,0,initial,False,True,full
201,0,2026-09-22,,initial,0,initial,False,True,full
201,1,2026-12-22,2026-09-22,barrier_clear,2,barrier_clear,False,True,full
201,2,2027-03-22,2026-12-22,barrier_clear,4,barrier_clear,False,True,full
201,3,2027-06-22,2027-03-22,barrier_clear,6,barrier_clear,False,True,full
202,0,2026-09-22,,initial,0,initial,False,True,full
203,0,2026-09-22,,initial,0,initial,False,True,full
204,0,2026-09-22,,initial,0,initial,False,True,full
204,1,2026-12-22,2026-09-22,barrier_clear,2,barrier_clear,False,True,full
205,0,2026-09-22,,initial,0,initial,False,True,full
205,1,2026-12-22,2026-09-22,barrier_clear,2,barrier_clear,False,True,full
205,2,2027-03-22,2026-12-22,barrier_clear,4,barrier_clear,False,True,full
205,3,2027-06-22,2027-03-22,barrier_clear,6,barrier_clear,False,True,full
206,0,2026-09-22,,initial,0,initial,False,True,full
207,0,2026-09-22,,initial,0,initial,False,True,full
208,0,2026-09-22,,initial,0,initial,False,True,full
208,1,2026-12-22,2026-09-22,barrier_clear,2,barrier_clear,False,True,full
208,2,2027-03-22,2026-12-22,barrier_clear,4,barrier_clear,False,True,full
208,3,2027-06-22,2027-03-22,barrier_clear,6,barrier_clear,False,True,full
209,0,2026-09-22,,initial,0,initial,False,True,full
210,0,2026-09-22,,initial,0,initial,False,True,full
211,0,2026-09-22,,initial,0,initial,False,True,full
212,0,2026-09-22,,initial,0,initial,False,True,full
212,1,2026-12-22,2026-09-22,barrier_clear,2,barrier_clear,False,True,full
212,2,2027-03-22,2026-12-22,barrier_clear,4,barrier_clear,False,True,full
212,3,2027-06-22,2027-03-22,barrier_clear,6,barrier_clear,False,True,full
213,0,2026-09-22,,initial,0,initial,False,True,full
213,1,2026-12-22,2026-09-22,barrier_clear,2,barrier_clear,False,True,full
213,2,2027-03-22,2026-12-22,barrier_clear,4,barrier_clear,False,True,full
214,0,2026-09-22,,initial,0,initial,False,True,full
215,0,2026-09-22,,initial,0,initial,False,True,full
216,0,2026-09-22,,initial,0,initial,False,True,full
216,1,2026-12-22,2026-09-22,barrier_clear,2,barrier_clear,False,True,full
216,2,2027-03-22,2026-12-22,barrier_hit,3,pooled,True,True,full
216,3,2027-06-22,2027-03-22,barrier_hit,5,pooled,True,True,full
217,0,2026-09-22,,initial,0,initial,False,True,full
218,0,2026-09-22,,initial,0,initial,False,True,full
218,1,2026-12-22,2026-09-22,barrier_clear,2,barrier_clear,False,True,full
218,2,2027-03-22,2026-12-22,barrier_clear,4,barrier_clear,False,True,full
218,3,2027-06-22,2027-03-22,barrier_clear,6,barrier_clear,False,True,full
219,0,2026-09-22,,initial,0,initial,False,True,full
220,0,2026-09-22,,initial,0,initial,False,True,full
221,0,2026-09-22,,initial,0,initial,False,True,full
221,1,2026-12-22,2026-09-22,barrier_clear,2,barrier_clear,False,True,full
221,2,2027-03-22,2026-12-22,barrier_clear,4,barrier_clear,False,True,full
222,0,2026-09-22,,initial,0,initial,False,True,full
223,0,2026-09-22,,initial,0,initial,False,True,full
224,0,2026-09-22,,initial,0,initial,False,True,full
225,0,2026-09-22,,initial,0,initial,False,True,full
226,0,2026-09-22,,initial,0,initial,False,True,full
227,0,2026-09-22,,initial,0,initial,False,True,full
228,0,2026-09-22,,initial,0,initial,False,True,full
229,0,2026-09-22,,initial,0,initial,False,True,full
229,1,2026-12-22,2026-09-22,barrier_clear,2,barrier_clear,False,True,full
229,2,2027-03-22,2026-12-22,barrier_clear,4,barrier_clear,False,True,full
229,3,2027-06-22,2027-03-22,barrier_clear,6,barrier_clear,False,True,full
230,0,2026-09-22,,initial,0,initial,False,True,full
231,0,2026-09-22,,initial,0,initial,False,True,full
232,0,2026-09-22,,initial,0,initial,False,True,full
232,1,2026-12-22,2026-09-22,barrier_clear,2,barrier_clear,False,True,full
232,2,2027-03-22,2026-12-22,barrier_clear,4,barrier_clear,False,True,full
232,3,2027-06-22,2027-03-22,barrier_clear,6,barrier_clear,False,True,full
233,0,2026-09-22,,initial,0,initial,False,True,full
234,0,2026-09-22,,initial,0,initial,False,True,full
234,1,2026-12-22,2026-09-22,barrier_clear,2,barrier_clear,False,True,full
234,2,2027-03-22,2026-12-22,barrier_clear,4,barrier_clear,False,True,full
235,0,2026-09-22,,initial,0,initial,False,True,full
236,0,2026-09-22,,initial,0,initial,False,True,full
236,1,2026-12-22,2026-09-22,barrier_clear,2,barrier_clear,False,True,full
236,2,2027-03-22,2026-12-22,barrier_clear,4,barrier_clear,False,True,full
236,3,2027-06-22,2027-03-22,barrier_clear,6,barrier_clear,False,True,full
237,0,2026-09-22,,initial,0,initial,False,True,full
237,1,2026-12-22,2026-09-22,barrier_clear,2,barrier_clear,False,True,full
237,2,2027-03-22,2026-12-22,barrier_clear,4,barrier_clear,False,True,full
237,3,2027-06-22,2027-03-22,barrier_clear,6,barrier_clear,False,True,full
238,0,2026-09-22,,initial,0,initial,False,True,full
239,0,2026-09-22,,initial,0,initial,False,True,full
239,1,2026-12-22,2026-09-22,barrier_clear,2,barrier_clear,False,True,full
240,0,2026-09-22,,initial,0,initial,False,True,full
240,1,2026-12-22,2026-09-22,barrier_clear,2,barrier_clear,False,True,full
240,2,2027-03-22,2026-12-22,barrier_clear,4,barrier_clear,False,True,full
240,3,2027-06-22,2027-03-22,barrier_clear,6,barrier_clear,False,True,full
241,0,2026-09-22,,initial,0,initial,False,True,full
241,1,2026-12-22,2026-09-22,barrier_clear,2,barrier_clear,False,True,full
241,2,2027-03-22,2026-12-22,barrier_clear,4,barrier_clear,False,True,full
241,3,2027-06-22,2027-03-22,barrier_clear,6,barrier_clear,False,True,full
242,0,2026-09-22,,initial,0,initial,False,True,full
243,0,2026-09-22,,initial,0,initial,False,True,full
243,1,2026-12-22,2026-09-22,barrier_clear,2,barrier_clear,False,True,full
243,2,2027-03-22,2026-12-22,barrier_clear,4,barrier_clear,False,True,full
243,3,2027-06-22,2027-03-22,barrier_clear,6,barrier_clear,False,True,full
244,0,2026-09-22,,initial,0,initial,False,True,full
245,0,2026-09-22,,initial,0,initial,False,True,full
246,0,2026-09-22,,initial,0,initial,False,True,full
247,0,2026-09-22,,initial,0,initial,False,True,full
248,0,2026-09-22,,initial,0,initial,False,True,full
248,1,2026-12-22,2026-09-22,barrier_clear,2,barrier_clear,False,True,full
249,0,2026-09-22,,initial,0,initial,False,True,full
249,1,2026-12-22,2026-09-22,barrier_clear,2,barrier_clear,False,True,full
249,2,2027-03-22,2026-12-22,barrier_clear,4,barrier_clear,False,True,full
249,3,2027-06-22,2027-03-22,barrier_clear,6,barrier_clear,False,True,full
250,0,2026-09-22,,initial,0,initial,False,True,full
250,1,2026-12-22,2026-09-22,barrier_clear,2,barrier_clear,False,True,full
250,2,2027-03-22,2026-12-22,barrier_clear,4,barrier_clear,False,True,full
250,3,2027-06-22,2027-03-22,barrier_clear,6,barrier_clear,False,True,full
251,0,2026-09-22,,initial,0,initial,False,True,full
251,1,2026-12-22,2026-09-22,barrier_clear,2,barrier_clear,False,True,full
251,2,2027-03-22,2026-12-22,barrier_clear,4,barrier_clear,False,True,full
252,0,2026-09-22,,initial,0,initial,False,True,full
253,0,2026-09-22,,initial,0,initial,False,True,full
254,0,2026-09-22,,initial,0,initial,False,True,full
255,0,2026-09-22,,initial,0,initial,False,True,full
255,1,2026-12-22,2026-09-22,barrier_clear,2,barrier_clear,False,True,full
255,2,2027-03-22,2026-12-22,barrier_clear,4,barrier_clear,False,True,full
256,0,2026-09-22,,initial,0,initial,False,True,full
257,0,2026-09-22,,initial,0,initial,False,True,full
257,1,2026-12-22,2026-09-22,barrier_clear,2,barrier_clear,False,True,full
257,2,2027-03-22,2026-12-22,barrier_clear,4,barrier_clear,False,True,full
257,3,2027-06-22,2027-03-22,barrier_hit,5,pooled,True,True,full
258,0,2026-09-22,,initial,0,initial,False,True,full
258,1,2026-12-22,2026-09-22,barrier_clear,2,barrier_clear,False,True,full
258,2,2027-03-22,2026-12-22,barrier_clear,4,barrier_clear,False,True,full
259,0,2026-09-22,,initial,0,initial,False,True,full
259,1,2026-12-22,2026-09-22,barrier_clear,2,barrier_clear,False,True,full
259,2,2027-03-22,2026-12-22,barrier_clear,4,barrier_clear,False,True,full
259,3,2027-06-22,2027-03-22,barrier_clear,6,barrier_clear,False,True,full
260,0,2026-09-22,,initial,0,initial,False,True,full
260,1,2026-12-22,2026-09-22,barrier_clear,2,barrier_clear,False,True,full
260,2,2027-03-22,2026-12-22,barrier_clear,4,barrier_clear,False,True,full
260,3,2027-06-22,2027-03-22,barrier_clear,6,barrier_clear,False,True,full
261,0,2026-09-22,,initial,0,initial,False,True,full
261,1,2026-12-22,2026-09-22,barrier_clear,2,barrier_clear,False,True,full
261,2,2027-03-22,2026-12-22,barrier_clear,4,barrier_clear,False,True,full
262,0,2026-09-22,,initial,0,initial,False,True,full
263,0,2026-09-22,,initial,0,initial,False,True,full
264,0,2026-09-22,,initial,0,initial,False,True,full
265,0,2026-09-22,,initial,0,initial,False,True,full
266,0,2026-09-22,,initial,0,initial,False,True,full
266,1,2026-12-22,2026-09-22,barrier_clear,2,barrier_clear,False,True,full
266,2,2027-03-22,2026-12-22,barrier_clear,4,barrier_clear,False,True,full
266,3,2027-06-22,2027-03-22,barrier_clear,6,barrier_clear,False,True,full
267,0,2026-09-22,,initial,0,initial,False,True,full
268,0,2026-09-22,,initial,0,initial,False,True,full
269,0,2026-09-22,,initial,0,initial,False,True,full
270,0,2026-09-22,,initial,0,initial,False,True,full
271,0,2026-09-22,,initial,0,initial,False,True,full
272,0,2026-09-22,,initial,0,initial,False,True,full
273,0,2026-09-22,,initial,0,initial,False,True,full
273,1,2026-12-22,2026-09-22,barrier_clear,2,barrier_clear,False,True,full
273,2,2027-03-22,2026-12-22,barrier_clear,4,barrier_clear,False,True,full
273,3,2027-06-22,2027-03-22,barrier_hit,5,pooled,True,True,full
274,0,2026-09-22,,initial,0,initial,False,True,full
275,0,2026-09-22,,initial,0,initial,False,True,full
276,0,2026-09-22,,initial,0,initial,False,True,full
276,1,2026-12-22,2026-09-22,barrier_clear,2,barrier_clear,False,True,full
277,0,2026-09-22,,initial,0,initial,False,True,full
277,1,2026-12-22,2026-09-22,barrier_clear,2,barrier_clear,False,True,full
277,2,2027-03-22,2026-12-22,barrier_clear,4,barrier_clear,False,True,full
277,3,2027-06-22,2027-03-22,barrier_clear,6,barrier_clear,False,True,full
278,0,2026-09-22,,initial,0,initial,False,True,full
279,0,2026-09-22,,initial,0,initial,False,True,full
279,1,2026-12-22,2026-09-22,barrier_clear,2,barrier_clear,False,True,full
279,2,2027-03-22,2026-12-22,barrier_clear,4,barrier_clear,False,True,full
280,0,2026-09-22,,initial,0,initial,False,True,full
281,0,2026-09-22,,initial,0,initial,False,True,full
282,0,2026-09-22,,initial,0,initial,False,True,full
283,0,2026-09-22,,initial,0,initial,False,True,full
283,1,2026-12-22,2026-09-22,barrier_clear,2,barrier_clear,False,True,full
283,2,2027-03-22,2026-12-22,barrier_clear,4,barrier_clear,False,True,full
283,3,2027-06-22,2027-03-22,barrier_clear,6,barrier_clear,False,True,full
284,0,2026-09-22,,initial,0,initial,False,True,full
284,1,2026-12-22,2026-09-22,barrier_clear,2,barrier_clear,False,True,full
284,2,2027-03-22,2026-12-22,barrier_clear,4,barrier_clear,False,True,full
284,3,2027-06-22,2027-03-22,barrier_clear,6,barrier_clear,False,True,full
285,0,2026-09-22,,initial,0,initial,False,True,full
285,1,2026-12-22,2026-09-22,barrier_clear,2,barrier_clear,False,True,full
285,2,2027-03-22,2026-12-22,barrier_clear,4,barrier_clear,False,True,full
286,0,2026-09-22,,initial,0,initial,False,True,full
286,1,2026-12-22,2026-09-22,barrier_clear,2,barrier_clear,False,True,full
287,0,2026-09-22,,initial,0,initial,False,True,full
288,0,2026-09-22,,initial,0,initial,False,True,full
289,0,2026-09-22,,initial,0,initial,False,True,full
289,1,2026-12-22,2026-09-22,barrier_clear,2,barrier_clear,False,True,full
289,2,2027-03-22,2026-12-22,barrier_clear,4,barrier_clear,False,True,full
289,3,2027-06-22,2027-03-22,barrier_clear,6,barrier_clear,False,True,full
290,0,2026-09-22,,initial,0,initial,False,True,full
291,0,2026-09-22,,initial,0,initial,False,True,full
292,0,2026-09-22,,initial,0,initial,False,True,full
292,1,2026-12-22,2026-09-22,barrier_clear,2,barrier_clear,False,True,full
292,2,2027-03-22,2026-12-22,barrier_clear,4,barrier_clear,False,True,full
292,3,2027-06-22,2027-03-22,barrier_clear,6,barrier_clear,False,True,full
293,0,2026-09-22,,initial,0,initial,False,True,full
294,0,2026-09-22,,initial,0,initial,False,True,full
294,1,2026-12-22,2026-09-22,barrier_clear,2,barrier_clear,False,True,full
294,2,2027-03-22,2026-12-22,barrier_hit,3,pooled,True,True,full
294,3,2027-06-22,2027-03-22,barrier_hit,5,pooled,True,True,full
295,0,2026-09-22,,initial,0,initial,False,True,full
296,0,2026-09-22,,initial,0,initial,False,True,full
296,1,2026-12-22,2026-09-22,barrier_clear,2,barrier_clear,False,True,full
296,2,2027-03-22,2026-12-22,barrier_clear,4,barrier_clear,False,True,full
296,3,2027-06-22,2027-03-22,barrier_clear,6,barrier_clear,False,True,full
297,0,2026-09-22,,initial,0,initial,False,True,full
297,1,2026-12-22,2026-09-22,barrier_clear,2,barrier_clear,False,True,full
297,2,2027-03-22,2026-12-22,barrier_clear,4,barrier_clear,False,True,full
297,3,2027-06-22,2027-03-22,barrier_clear,6,barrier_clear,False,True,full
298,0,2026-09-22,,initial,0,initial,False,True,full
298,1,2026-12-22,2026-09-22,barrier_clear,2,barrier_clear,False,True,full
298,2,2027-03-22,2026-12-22,barrier_clear,4,barrier_clear,False,True,full
299,0,2026-09-22,,initial,0,initial,False,True,full
