family,penalty,profile,alpha,alpha_relative,l1_ratio,validation_rmse,n_options_active,compromise_score,profile_reuses_candidate,selection_reason,solution_index,condition,n_observations,condition_frequency,quantile_reliability,mean_replication_error,mae_replication_error,under_replication_rate,gross_rmse,residual_rmse,rmse_reduction,rmse_relative_reduction,rmse_relative_reduction_is_valid,gross_max_loss,residual_max_loss,max_loss_reduction,max_loss_relative_reduction,max_loss_relative_reduction_is_valid,gross_var_95,residual_var_95,var_95_reduction,var_95_relative_reduction,var_95_relative_reduction_is_valid,gross_es_95,residual_es_95,es_95_reduction,es_95_relative_reduction,es_95_relative_reduction_is_valid,gross_var_975,residual_var_975,var_975_reduction,var_975_relative_reduction,var_975_relative_reduction_is_valid,gross_es_975,residual_es_975,es_975_reduction,es_975_relative_reduction,es_975_relative_reduction_is_valid,gross_var_99,residual_var_99,var_99_reduction,var_99_relative_reduction,var_99_relative_reduction_is_valid,gross_es_99,residual_es_99,es_99_reduction,es_99_relative_reduction,es_99_relative_reduction_is_valid,binary_mode,n_paths,initial_autocall_premium,initial_net_cost_mean,initial_gross_exposure_mean,terminal_pnl_mean,terminal_pnl_std,borrowing_frequency,additional_capital_mean,additional_capital_p95,additional_capital_max,cumulative_gross_purchases_mean,cumulative_otc_execution_cost_mean,loss_n_observations,loss_mean_loss,loss_mae,loss_loss_std,loss_rmse,loss_max_loss,loss_under_replication_rate,loss_var_95,loss_es_95,loss_var_975,loss_es_975,loss_var_99,loss_es_99,initial_net_cost_mean_pct_notional,initial_net_cost_mean_bps_notional,initial_gross_exposure_mean_pct_notional,initial_gross_exposure_mean_bps_notional,terminal_pnl_mean_pct_notional,terminal_pnl_mean_bps_notional,additional_capital_mean_pct_notional,additional_capital_mean_bps_notional,additional_capital_p95_pct_notional,additional_capital_p95_bps_notional,additional_capital_max_pct_notional,additional_capital_max_bps_notional,cumulative_gross_purchases_mean_pct_notional,cumulative_gross_purchases_mean_bps_notional,cumulative_otc_execution_cost_mean_pct_notional,cumulative_otc_execution_cost_mean_bps_notional,loss_rmse_pct_notional,loss_rmse_bps_notional,loss_es_975_pct_notional,loss_es_975_bps_notional,loss_max_loss_pct_notional,loss_max_loss_bps_notional,implementation
calls_puts,l0,performance,0.006362430330355304,0.03162277660168381,,4.65127086374629,2,0.0,True,RMSE de validation minimale,12,all,2000.0,1.0,sufficient,0.4123861716573352,1.0159429052560838,0.3645,7.693085544322654,3.709649462277771,3.9834360820448826,0.5177943309085625,True,4.3917956876061055,37.91254398150705,-33.520748293900944,-7.632583726173415,True,4.3917956876061055,2.8845585603082955,1.50723712729781,0.34319381740624183,True,4.3917956876061055,12.077765582148986,-7.685969894542881,-1.7500745574829721,True,4.3917956876061055,9.853581952231483,-5.461786264625378,-1.2436339604865603,True,4.3917956876061055,18.36855209818362,-13.976756410577515,-3.182469633098076,True,4.3917956876061055,19.399966017690907,-15.008170330084802,-3.4173197930037373,True,4.3917956876061055,24.367937963829437,-19.97614227622333,-4.548513568742992,True,no_binaries,200,100.36289014505809,101.21637800057623,101.21637800057623,0.04769167437781927,8.185462269337014,1.0,1.8929010374296176,4.421897078442102,24.180686359267042,104.97265038883982,0.0,200.0,-0.04769167437781927,3.6254349409887903,8.185462269337014,8.16511225248809,24.180686359267042,0.885,4.421897078442102,8.72303566228528,4.514081201794907,12.965923089810417,13.496704824322334,20.061771713569506,101.21637800057623,10121.637800057622,101.21637800057623,10121.637800057622,0.04769167437781927,4.7691674377819275,1.8929010374296176,189.29010374296178,4.421897078442102,442.1897078442102,24.180686359267042,2418.0686359267042,104.97265038883982,10497.265038883981,0.0,0.0,8.16511225248809,816.511225248809,12.965923089810417,1296.5923089810417,24.180686359267042,2418.0686359267042,Calls + Puts calibré
calls_puts,l0,compromise,0.006362430330355304,0.03162277660168381,,4.65127086374629,2,0.0,True,distance normalisée minimale parmi les candidats non attribués,12,all,2000.0,1.0,sufficient,0.4123861716573352,1.0159429052560838,0.3645,7.693085544322654,3.709649462277771,3.9834360820448826,0.5177943309085625,True,4.3917956876061055,37.91254398150705,-33.520748293900944,-7.632583726173415,True,4.3917956876061055,2.8845585603082955,1.50723712729781,0.34319381740624183,True,4.3917956876061055,12.077765582148986,-7.685969894542881,-1.7500745574829721,True,4.3917956876061055,9.853581952231483,-5.461786264625378,-1.2436339604865603,True,4.3917956876061055,18.36855209818362,-13.976756410577515,-3.182469633098076,True,4.3917956876061055,19.399966017690907,-15.008170330084802,-3.4173197930037373,True,4.3917956876061055,24.367937963829437,-19.97614227622333,-4.548513568742992,True,no_binaries,200,100.36289014505809,101.21637800057623,101.21637800057623,0.04769167437781927,8.185462269337014,1.0,1.8929010374296176,4.421897078442102,24.180686359267042,104.97265038883982,0.0,200.0,-0.04769167437781927,3.6254349409887903,8.185462269337014,8.16511225248809,24.180686359267042,0.885,4.421897078442102,8.72303566228528,4.514081201794907,12.965923089810417,13.496704824322334,20.061771713569506,101.21637800057623,10121.637800057622,101.21637800057623,10121.637800057622,0.04769167437781927,4.7691674377819275,1.8929010374296176,189.29010374296178,4.421897078442102,442.1897078442102,24.180686359267042,2418.0686359267042,104.97265038883982,10497.265038883981,0.0,0.0,8.16511225248809,816.511225248809,12.965923089810417,1296.5923089810417,24.180686359267042,2418.0686359267042,Calls + Puts calibré
calls_puts,l0,parsimony,0.006362430330355304,0.03162277660168381,,4.65127086374629,2,0.0,True,nombre d'options minimal parmi les candidats non attribués,12,all,2000.0,1.0,sufficient,0.4123861716573352,1.0159429052560838,0.3645,7.693085544322654,3.709649462277771,3.9834360820448826,0.5177943309085625,True,4.3917956876061055,37.91254398150705,-33.520748293900944,-7.632583726173415,True,4.3917956876061055,2.8845585603082955,1.50723712729781,0.34319381740624183,True,4.3917956876061055,12.077765582148986,-7.685969894542881,-1.7500745574829721,True,4.3917956876061055,9.853581952231483,-5.461786264625378,-1.2436339604865603,True,4.3917956876061055,18.36855209818362,-13.976756410577515,-3.182469633098076,True,4.3917956876061055,19.399966017690907,-15.008170330084802,-3.4173197930037373,True,4.3917956876061055,24.367937963829437,-19.97614227622333,-4.548513568742992,True,no_binaries,200,100.36289014505809,101.21637800057623,101.21637800057623,0.04769167437781927,8.185462269337014,1.0,1.8929010374296176,4.421897078442102,24.180686359267042,104.97265038883982,0.0,200.0,-0.04769167437781927,3.6254349409887903,8.185462269337014,8.16511225248809,24.180686359267042,0.885,4.421897078442102,8.72303566228528,4.514081201794907,12.965923089810417,13.496704824322334,20.061771713569506,101.21637800057623,10121.637800057622,101.21637800057623,10121.637800057622,0.04769167437781927,4.7691674377819275,1.8929010374296176,189.29010374296178,4.421897078442102,442.1897078442102,24.180686359267042,2418.0686359267042,104.97265038883982,10497.265038883981,0.0,0.0,8.16511225248809,816.511225248809,12.965923089810417,1296.5923089810417,24.180686359267042,2418.0686359267042,Calls + Puts calibré
calls_puts,l1,performance,0.3050623571729559,0.07498942093324557,,2.6284819187481876,7,0.0,True,RMSE de validation minimale,9,all,2000.0,1.0,sufficient,0.30839144273911645,0.8334650167124076,0.4225,7.693085544322654,2.9531227025566347,4.739962841766019,0.6161328656047532,True,4.3917956876061055,32.44277566076628,-28.050979973160175,-6.387132273097681,True,4.3917956876061055,1.537835106715367,2.8539605808907385,0.649839105435796,True,4.3917956876061055,8.626064641132272,-4.234268953526167,-0.9641315886974232,True,4.3917956876061055,5.985166364464465,-1.5933706768583598,-0.3628061936840417,True,4.3917956876061055,13.623558720670337,-9.231763033064231,-2.1020474743660746,True,4.3917956876061055,13.473917067346747,-9.082121379740641,-2.067974474625698,True,4.3917956876061055,19.193376029014296,-14.80158034140819,-3.3702798113261694,True,no_binaries,200,100.36289014505809,101.21635830485626,101.21635830485626,0.018077672285875968,7.637475560161739,1.0,1.8291753303798992,4.370324462477075,19.823591797030574,104.829474442673,0.0,200.0,-0.018077672285875968,3.4617275173778843,7.637475560161739,7.618379392603312,19.823591797030574,0.875,4.370324462477075,7.6653638642766335,4.426637135098708,10.923126940529315,10.157251762191175,17.131046690255566,101.21635830485626,10121.635830485626,101.21635830485626,10121.635830485626,0.018077672285875968,1.8077672285875968,1.8291753303798992,182.91753303798993,4.370324462477075,437.0324462477076,19.823591797030574,1982.3591797030574,104.829474442673,10482.947444267302,0.0,0.0,7.618379392603312,761.8379392603312,10.923126940529315,1092.3126940529314,19.823591797030574,1982.3591797030574,Calls + Puts calibré
calls_puts,l1,compromise,0.3050623571729559,0.07498942093324557,,2.6284819187481876,7,0.0,True,distance normalisée minimale parmi les candidats non attribués,9,all,2000.0,1.0,sufficient,0.30839144273911645,0.8334650167124076,0.4225,7.693085544322654,2.9531227025566347,4.739962841766019,0.6161328656047532,True,4.3917956876061055,32.44277566076628,-28.050979973160175,-6.387132273097681,True,4.3917956876061055,1.537835106715367,2.8539605808907385,0.649839105435796,True,4.3917956876061055,8.626064641132272,-4.234268953526167,-0.9641315886974232,True,4.3917956876061055,5.985166364464465,-1.5933706768583598,-0.3628061936840417,True,4.3917956876061055,13.623558720670337,-9.231763033064231,-2.1020474743660746,True,4.3917956876061055,13.473917067346747,-9.082121379740641,-2.067974474625698,True,4.3917956876061055,19.193376029014296,-14.80158034140819,-3.3702798113261694,True,no_binaries,200,100.36289014505809,101.21635830485626,101.21635830485626,0.018077672285875968,7.637475560161739,1.0,1.8291753303798992,4.370324462477075,19.823591797030574,104.829474442673,0.0,200.0,-0.018077672285875968,3.4617275173778843,7.637475560161739,7.618379392603312,19.823591797030574,0.875,4.370324462477075,7.6653638642766335,4.426637135098708,10.923126940529315,10.157251762191175,17.131046690255566,101.21635830485626,10121.635830485626,101.21635830485626,10121.635830485626,0.018077672285875968,1.8077672285875968,1.8291753303798992,182.91753303798993,4.370324462477075,437.0324462477076,19.823591797030574,1982.3591797030574,104.829474442673,10482.947444267302,0.0,0.0,7.618379392603312,761.8379392603312,10.923126940529315,1092.3126940529314,19.823591797030574,1982.3591797030574,Calls + Puts calibré
calls_puts,l1,parsimony,0.3050623571729559,0.07498942093324557,,2.6284819187481876,7,0.0,True,nombre d'options minimal parmi les candidats non attribués,9,all,2000.0,1.0,sufficient,0.30839144273911645,0.8334650167124076,0.4225,7.693085544322654,2.9531227025566347,4.739962841766019,0.6161328656047532,True,4.3917956876061055,32.44277566076628,-28.050979973160175,-6.387132273097681,True,4.3917956876061055,1.537835106715367,2.8539605808907385,0.649839105435796,True,4.3917956876061055,8.626064641132272,-4.234268953526167,-0.9641315886974232,True,4.3917956876061055,5.985166364464465,-1.5933706768583598,-0.3628061936840417,True,4.3917956876061055,13.623558720670337,-9.231763033064231,-2.1020474743660746,True,4.3917956876061055,13.473917067346747,-9.082121379740641,-2.067974474625698,True,4.3917956876061055,19.193376029014296,-14.80158034140819,-3.3702798113261694,True,no_binaries,200,100.36289014505809,101.21635830485626,101.21635830485626,0.018077672285875968,7.637475560161739,1.0,1.8291753303798992,4.370324462477075,19.823591797030574,104.829474442673,0.0,200.0,-0.018077672285875968,3.4617275173778843,7.637475560161739,7.618379392603312,19.823591797030574,0.875,4.370324462477075,7.6653638642766335,4.426637135098708,10.923126940529315,10.157251762191175,17.131046690255566,101.21635830485626,10121.635830485626,101.21635830485626,10121.635830485626,0.018077672285875968,1.8077672285875968,1.8291753303798992,182.91753303798993,4.370324462477075,437.0324462477076,19.823591797030574,1982.3591797030574,104.829474442673,10482.947444267302,0.0,0.0,7.618379392603312,761.8379392603312,10.923126940529315,1092.3126940529314,19.823591797030574,1982.3591797030574,Calls + Puts calibré
calls_puts,l2,performance,2151.919048298958,56.23413251903491,,5.20449898928008,92,1.0,True,RMSE de validation minimale,1,all,2000.0,1.0,sufficient,0.1376301393322329,2.0652851727974078,0.263,7.693085544322654,5.831716200493919,1.8613693438287342,0.24195354817058914,True,4.3917956876061055,31.338390882597096,-26.94659519499099,-6.1356668460319765,True,4.3917956876061055,4.5330559774022685,-0.141260289796163,-0.03216458593345029,True,4.3917956876061055,6.543654863017759,-2.151859175411653,-0.4899725143144343,True,4.3917956876061055,4.538128421038994,-0.14633273343288877,-0.03331956763058172,True,4.3917956876061055,8.552201399900403,-4.160405712294297,-0.9473131284397396,True,4.3917956876061055,6.0128363896557975,-1.621040702049692,-0.36910658358364895,True,4.3917956876061055,14.412443932698153,-10.020648245092048,-2.2816745035227575,True,no_binaries,200,100.36289014505809,101.2150687260032,101.2150687260032,0.2887435450286466,8.56058281230206,1.0,1.8633332873862087,4.653522664391812,4.668314906022559,104.15973182114054,0.0,200.0,-0.2887435450286466,3.8697449689389645,8.56058281230206,8.544034938519724,4.668314906022559,0.92,4.653522664391812,4.660021147100731,4.659102038774752,4.663336391556422,4.6630644506799355,4.666282389060804,101.2150687260032,10121.50687260032,101.2150687260032,10121.50687260032,0.2887435450286466,28.87435450286466,1.8633332873862087,186.33332873862088,4.653522664391812,465.3522664391813,4.668314906022559,466.8314906022559,104.15973182114054,10415.973182114054,0.0,0.0,8.544034938519724,854.4034938519725,4.663336391556422,466.33363915564223,4.668314906022559,466.8314906022559,Calls + Puts calibré
calls_puts,l2,compromise,2151.919048298958,56.23413251903491,,5.20449898928008,92,1.0,True,distance normalisée minimale parmi les candidats non attribués,1,all,2000.0,1.0,sufficient,0.1376301393322329,2.0652851727974078,0.263,7.693085544322654,5.831716200493919,1.8613693438287342,0.24195354817058914,True,4.3917956876061055,31.338390882597096,-26.94659519499099,-6.1356668460319765,True,4.3917956876061055,4.5330559774022685,-0.141260289796163,-0.03216458593345029,True,4.3917956876061055,6.543654863017759,-2.151859175411653,-0.4899725143144343,True,4.3917956876061055,4.538128421038994,-0.14633273343288877,-0.03331956763058172,True,4.3917956876061055,8.552201399900403,-4.160405712294297,-0.9473131284397396,True,4.3917956876061055,6.0128363896557975,-1.621040702049692,-0.36910658358364895,True,4.3917956876061055,14.412443932698153,-10.020648245092048,-2.2816745035227575,True,no_binaries,200,100.36289014505809,101.2150687260032,101.2150687260032,0.2887435450286466,8.56058281230206,1.0,1.8633332873862087,4.653522664391812,4.668314906022559,104.15973182114054,0.0,200.0,-0.2887435450286466,3.8697449689389645,8.56058281230206,8.544034938519724,4.668314906022559,0.92,4.653522664391812,4.660021147100731,4.659102038774752,4.663336391556422,4.6630644506799355,4.666282389060804,101.2150687260032,10121.50687260032,101.2150687260032,10121.50687260032,0.2887435450286466,28.87435450286466,1.8633332873862087,186.33332873862088,4.653522664391812,465.3522664391813,4.668314906022559,466.8314906022559,104.15973182114054,10415.973182114054,0.0,0.0,8.544034938519724,854.4034938519725,4.663336391556422,466.33363915564223,4.668314906022559,466.8314906022559,Calls + Puts calibré
calls_puts,l2,parsimony,3826.713335660591,100.0,,5.210028245030549,87,1.0,False,nombre d'options minimal parmi les candidats non attribués,0,all,2000.0,1.0,sufficient,0.13562596661820797,2.0658970969317316,0.263,7.693085544322654,5.838350459665266,1.8547350846573876,0.24109118168147053,True,4.3917956876061055,31.349288073287582,-26.957492385681476,-6.1381481068796155,True,4.3917956876061055,4.529610714823265,-0.13781502721715988,-0.03138010896228202,True,4.3917956876061055,6.540002476990384,-2.148206789384279,-0.48914087589425875,True,4.3917956876061055,4.532463803593568,-0.1406681159874621,-0.032029749558804714,True,4.3917956876061055,8.54924172287371,-4.157446035267604,-0.9466392179855158,True,4.3917956876061055,6.002518600012502,-1.6107229124063966,-0.3667572507874051,True,4.3917956876061055,14.415212795052662,-10.023417107446557,-2.282304965992203,True,no_binaries,200,100.36289014505809,101.21502129576858,101.21502129576858,0.28911878523028656,8.564427590951746,1.0,1.8636900627098785,4.653842015606991,4.662201512327897,104.15551871115647,0.0,200.0,-0.28911878523028656,3.870926778347152,8.564427590951746,8.54788058718799,4.662201512327897,0.92,4.653842015606991,4.657521085006392,4.6570256696146535,4.659384623841629,4.659229979207499,4.661054067443075,101.21502129576858,10121.502129576858,101.21502129576858,10121.502129576858,0.28911878523028656,28.911878523028655,1.8636900627098785,186.36900627098785,4.653842015606991,465.3842015606991,4.662201512327897,466.2201512327897,104.15551871115647,10415.551871115647,0.0,0.0,8.54788058718799,854.788058718799,4.659384623841629,465.9384623841629,4.662201512327897,466.2201512327897,Calls + Puts calibré
calls_puts,elastic_net,performance,0.8136143828727994,0.1,0.5,2.6195140587621673,11,0.0,True,RMSE de validation minimale,8,all,2000.0,1.0,sufficient,0.22774131909833603,0.8355135247585735,0.375,7.693085544322654,2.614266218862829,5.078819325459825,0.6601797544299886,True,4.3917956876061055,17.988523399203913,-13.596727711597808,-3.0959381261675123,True,4.3917956876061055,2.125484866859312,2.2663108207467935,0.516032844410875,True,4.3917956876061055,6.730837792416075,-2.3390421048099697,-0.532593561082743,True,4.3917956876061055,5.232212494047391,-0.8404168064412856,-0.19136063383207672,True,4.3917956876061055,10.021124868794823,-5.629329181188718,-1.281783029450801,True,4.3917956876061055,10.107973708366018,-5.716178020759912,-1.3015582753294486,True,4.3917956876061055,13.521724479904108,-9.129928792298003,-2.078860093164893,True,no_binaries,200,100.36289014505809,101.21655215224949,101.21655215224949,0.06079406657119527,7.273531750878988,1.0,1.7362852768426273,4.322547134477952,12.100938836231066,104.64483724706326,0.0,200.0,-0.06079406657119527,3.336411930736753,7.273531750878988,7.25557983409457,12.100938836231066,0.895,4.322547134477952,5.850418143523626,4.576181807627326,7.255883718564968,5.419897570147434,10.406000662322946,101.21655215224949,10121.65521522495,101.21655215224949,10121.65521522495,0.06079406657119527,6.079406657119527,1.7362852768426273,173.62852768426274,4.322547134477952,432.25471344779515,12.100938836231066,1210.0938836231064,104.64483724706326,10464.483724706326,0.0,0.0,7.25557983409457,725.557983409457,7.255883718564968,725.5883718564968,12.100938836231066,1210.0938836231064,Calls + Puts calibré
calls_puts,elastic_net,compromise,0.8136143828727994,0.1,0.5,2.6195140587621673,11,0.0,True,distance normalisée minimale parmi les candidats non attribués,8,all,2000.0,1.0,sufficient,0.22774131909833603,0.8355135247585735,0.375,7.693085544322654,2.614266218862829,5.078819325459825,0.6601797544299886,True,4.3917956876061055,17.988523399203913,-13.596727711597808,-3.0959381261675123,True,4.3917956876061055,2.125484866859312,2.2663108207467935,0.516032844410875,True,4.3917956876061055,6.730837792416075,-2.3390421048099697,-0.532593561082743,True,4.3917956876061055,5.232212494047391,-0.8404168064412856,-0.19136063383207672,True,4.3917956876061055,10.021124868794823,-5.629329181188718,-1.281783029450801,True,4.3917956876061055,10.107973708366018,-5.716178020759912,-1.3015582753294486,True,4.3917956876061055,13.521724479904108,-9.129928792298003,-2.078860093164893,True,no_binaries,200,100.36289014505809,101.21655215224949,101.21655215224949,0.06079406657119527,7.273531750878988,1.0,1.7362852768426273,4.322547134477952,12.100938836231066,104.64483724706326,0.0,200.0,-0.06079406657119527,3.336411930736753,7.273531750878988,7.25557983409457,12.100938836231066,0.895,4.322547134477952,5.850418143523626,4.576181807627326,7.255883718564968,5.419897570147434,10.406000662322946,101.21655215224949,10121.65521522495,101.21655215224949,10121.65521522495,0.06079406657119527,6.079406657119527,1.7362852768426273,173.62852768426274,4.322547134477952,432.25471344779515,12.100938836231066,1210.0938836231064,104.64483724706326,10464.483724706326,0.0,0.0,7.25557983409457,725.557983409457,7.255883718564968,725.5883718564968,12.100938836231066,1210.0938836231064,Calls + Puts calibré
calls_puts,elastic_net,parsimony,0.8136143828727994,0.1,0.5,2.6195140587621673,11,0.0,True,nombre d'options minimal parmi les candidats non attribués,8,all,2000.0,1.0,sufficient,0.22774131909833603,0.8355135247585735,0.375,7.693085544322654,2.614266218862829,5.078819325459825,0.6601797544299886,True,4.3917956876061055,17.988523399203913,-13.596727711597808,-3.0959381261675123,True,4.3917956876061055,2.125484866859312,2.2663108207467935,0.516032844410875,True,4.3917956876061055,6.730837792416075,-2.3390421048099697,-0.532593561082743,True,4.3917956876061055,5.232212494047391,-0.8404168064412856,-0.19136063383207672,True,4.3917956876061055,10.021124868794823,-5.629329181188718,-1.281783029450801,True,4.3917956876061055,10.107973708366018,-5.716178020759912,-1.3015582753294486,True,4.3917956876061055,13.521724479904108,-9.129928792298003,-2.078860093164893,True,no_binaries,200,100.36289014505809,101.21655215224949,101.21655215224949,0.06079406657119527,7.273531750878988,1.0,1.7362852768426273,4.322547134477952,12.100938836231066,104.64483724706326,0.0,200.0,-0.06079406657119527,3.336411930736753,7.273531750878988,7.25557983409457,12.100938836231066,0.895,4.322547134477952,5.850418143523626,4.576181807627326,7.255883718564968,5.419897570147434,10.406000662322946,101.21655215224949,10121.65521522495,101.21655215224949,10121.65521522495,0.06079406657119527,6.079406657119527,1.7362852768426273,173.62852768426274,4.322547134477952,432.25471344779515,12.100938836231066,1210.0938836231064,104.64483724706326,10464.483724706326,0.0,0.0,7.25557983409457,725.557983409457,7.255883718564968,725.5883718564968,12.100938836231066,1210.0938836231064,Calls + Puts calibré
full,l0,parsimony,0.07523820926848489,0.7498942093324561,,4.9587386534235165,3,1.0,False,nombre d'options minimal parmi les candidats non attribués,1,all,2000.0,1.0,sufficient,0.352520427573898,0.9886363677892613,0.3555,7.693085544322654,3.5596972385139827,4.133388305808671,0.5372861489703609,True,4.3917956876061055,31.432659189234215,-27.04086350162811,-6.1571314844948155,True,4.3917956876061055,1.0191417871004762,3.3726539005056293,0.767944171452112,True,4.3917956876061055,11.13453525339648,-6.742739565790375,-1.5353035626904878,True,4.3917956876061055,9.912165000423926,-5.52036931281782,-1.2569731621160367,True,4.3917956876061055,17.432808396770135,-13.041012709164029,-2.9694033231023247,True,4.3917956876061055,18.03067690371276,-13.638881216106654,-3.1055363651356425,True,4.3917956876061055,22.52612264036178,-18.134326952755675,-4.1291372009703835,True,theoretical,200,100.36289014505809,101.21763228793178,101.21763228793178,0.05514491198279993,7.981794633231812,1.0,1.8924879953934615,4.455859857470329,19.426805837349562,104.84986987243796,0.0,200.0,-0.05514491198279993,3.6435302099087745,7.981794633231812,7.962006110307271,19.426805837349562,0.885,4.455859857470329,8.492535463313983,4.533141263420961,12.489504081934749,10.699251568718598,18.7369560537971,101.21763228793178,10121.763228793177,101.21763228793178,10121.763228793177,0.05514491198279993,5.514491198279993,1.8924879953934615,189.24879953934615,4.455859857470329,445.5859857470329,19.426805837349562,1942.6805837349561,104.84986987243796,10484.986987243796,0.0,0.0,7.962006110307271,796.200611030727,12.489504081934749,1248.950408193475,19.426805837349562,1942.6805837349561,Full — binaires théoriques
full,l0,parsimony,0.07523820926848489,0.7498942093324561,,4.9587386534235165,3,1.0,False,nombre d'options minimal parmi les candidats non attribués,1,all,2000.0,1.0,sufficient,0.352520427573898,0.9886363677892613,0.3555,7.693085544322654,3.5596972385139827,4.133388305808671,0.5372861489703609,True,4.3917956876061055,31.432659189234215,-27.04086350162811,-6.1571314844948155,True,4.3917956876061055,1.0191417871004762,3.3726539005056293,0.767944171452112,True,4.3917956876061055,11.13453525339648,-6.742739565790375,-1.5353035626904878,True,4.3917956876061055,9.912165000423926,-5.52036931281782,-1.2569731621160367,True,4.3917956876061055,17.432808396770135,-13.041012709164029,-2.9694033231023247,True,4.3917956876061055,18.03067690371276,-13.638881216106654,-3.1055363651356425,True,4.3917956876061055,22.52612264036178,-18.134326952755675,-4.1291372009703835,True,vertical_spread,200,100.36289014505809,101.21763228793178,101.21763228793178,0.09293128956055406,8.08353441984023,1.0,1.8602582947090616,4.44921566060935,19.397340669194378,105.244382281904,0.0,200.0,-0.09293128956055406,3.6117190773857235,8.08353441984023,8.06383576827662,19.397340669194378,0.885,4.44921566060935,8.067537975234226,4.528549077538802,11.645124277546497,10.662624298049202,18.296405862607507,101.21763228793178,10121.763228793177,101.21763228793178,10121.763228793177,0.09293128956055406,9.293128956055405,1.8602582947090616,186.02582947090616,4.44921566060935,444.921566060935,19.397340669194378,1939.734066919438,105.244382281904,10524.4382281904,0.0,0.0,8.06383576827662,806.3835768276621,11.645124277546497,1164.5124277546497,19.397340669194378,1939.734066919438,Full — binaires remplacées par spreads
full,l0,parsimony,0.07523820926848489,0.7498942093324561,,4.9587386534235165,3,1.0,False,nombre d'options minimal parmi les candidats non attribués,1,all,2000.0,1.0,sufficient,0.352520427573898,0.9886363677892613,0.3555,7.693085544322654,3.5596972385139827,4.133388305808671,0.5372861489703609,True,4.3917956876061055,31.432659189234215,-27.04086350162811,-6.1571314844948155,True,4.3917956876061055,1.0191417871004762,3.3726539005056293,0.767944171452112,True,4.3917956876061055,11.13453525339648,-6.742739565790375,-1.5353035626904878,True,4.3917956876061055,9.912165000423926,-5.52036931281782,-1.2569731621160367,True,4.3917956876061055,17.432808396770135,-13.041012709164029,-2.9694033231023247,True,4.3917956876061055,18.03067690371276,-13.638881216106654,-3.1055363651356425,True,4.3917956876061055,22.52612264036178,-18.134326952755675,-4.1291372009703835,True,otc_favorable,200,100.36289014505809,101.21763228793178,101.21763228793178,0.054113162955836194,7.9817401646348625,1.0,1.893175828078104,4.459681150162779,19.430627130042026,104.84986987243796,0.0010239767309951115,200.0,-0.054113162955836194,3.643874126251095,7.9817401646348625,7.96194470025205,19.430627130042026,0.885,4.459681150162779,8.49635675600644,4.536962556113412,12.493325374627208,10.703072861411048,18.74077734648956,101.21763228793178,10121.763228793177,101.21763228793178,10121.763228793177,0.054113162955836194,5.41131629558362,1.893175828078104,189.3175828078104,4.459681150162779,445.96811501627786,19.430627130042026,1943.0627130042026,104.84986987243796,10484.986987243796,0.0010239767309951115,0.10239767309951114,7.96194470025205,796.194470025205,12.49332537462721,1249.332537462721,19.430627130042026,1943.0627130042026,Full OTC — favorable (5 bps)
full,l0,parsimony,0.07523820926848489,0.7498942093324561,,4.9587386534235165,3,1.0,False,nombre d'options minimal parmi les candidats non attribués,1,all,2000.0,1.0,sufficient,0.352520427573898,0.9886363677892613,0.3555,7.693085544322654,3.5596972385139827,4.133388305808671,0.5372861489703609,True,4.3917956876061055,31.432659189234215,-27.04086350162811,-6.1571314844948155,True,4.3917956876061055,1.0191417871004762,3.3726539005056293,0.767944171452112,True,4.3917956876061055,11.13453525339648,-6.742739565790375,-1.5353035626904878,True,4.3917956876061055,9.912165000423926,-5.52036931281782,-1.2569731621160367,True,4.3917956876061055,17.432808396770135,-13.041012709164029,-2.9694033231023247,True,4.3917956876061055,18.03067690371276,-13.638881216106654,-3.1055363651356425,True,4.3917956876061055,22.52612264036178,-18.134326952755675,-4.1291372009703835,True,otc_central,200,100.36289014505809,101.21763228793178,101.21763228793178,0.05308141392887196,7.981686058067317,1.0,1.8938636607627466,4.463502442855243,19.43444842273449,104.84986987243796,0.002047953461990248,200.0,-0.05308141392887196,3.6442180425934168,7.981686058067317,7.961883784909394,19.43444842273449,0.885,4.463502442855243,8.500178048698903,4.5407838488058765,12.497146667319672,10.706894154103512,18.744598639182023,101.21763228793178,10121.763228793177,101.21763228793178,10121.763228793177,0.05308141392887196,5.3081413928871966,1.8938636607627466,189.38636607627464,4.463502442855243,446.3502442855243,19.43444842273449,1943.4448422734492,104.84986987243796,10484.986987243796,0.002047953461990248,0.2047953461990248,7.961883784909394,796.1883784909394,12.497146667319674,1249.7146667319673,19.43444842273449,1943.4448422734492,Full OTC — central (10 bps)
full,l0,parsimony,0.07523820926848489,0.7498942093324561,,4.9587386534235165,3,1.0,False,nombre d'options minimal parmi les candidats non attribués,1,all,2000.0,1.0,sufficient,0.352520427573898,0.9886363677892613,0.3555,7.693085544322654,3.5596972385139827,4.133388305808671,0.5372861489703609,True,4.3917956876061055,31.432659189234215,-27.04086350162811,-6.1571314844948155,True,4.3917956876061055,1.0191417871004762,3.3726539005056293,0.767944171452112,True,4.3917956876061055,11.13453525339648,-6.742739565790375,-1.5353035626904878,True,4.3917956876061055,9.912165000423926,-5.52036931281782,-1.2569731621160367,True,4.3917956876061055,17.432808396770135,-13.041012709164029,-2.9694033231023247,True,4.3917956876061055,18.03067690371276,-13.638881216106654,-3.1055363651356425,True,4.3917956876061055,22.52612264036178,-18.134326952755675,-4.1291372009703835,True,otc_stressed,200,100.36289014505809,101.21763228793178,101.21763228793178,0.049986166847980816,7.9815259106144945,1.0,1.8959271588166746,4.474966320932622,19.44591230081187,104.84986987243796,0.005119883654975608,200.0,-0.049986166847980816,3.645249791620381,7.9815259106144945,7.961704007269904,19.44591230081187,0.885,4.474966320932622,8.511641926776278,4.552247726883254,12.508610545397048,10.718358032180891,18.7560625172594,101.21763228793178,10121.763228793177,101.21763228793178,10121.763228793177,0.049986166847980816,4.9986166847980815,1.8959271588166746,189.59271588166746,4.474966320932622,447.49663209326224,19.44591230081187,1944.5912300811872,104.84986987243796,10484.986987243796,0.005119883654975608,0.5119883654975608,7.961704007269904,796.1704007269904,12.508610545397048,1250.8610545397048,19.44591230081187,1944.5912300811872,Full OTC — stressé (25 bps)
full,l1,performance,0.3050623571729559,0.07498942093324557,,3.2307212230874636,12,1.0,False,RMSE de validation minimale,9,all,2000.0,1.0,sufficient,0.1996693333016245,0.8847449846777791,0.728,7.693085544322654,2.9759731271084333,4.717112417214221,0.6131626107674517,True,4.3917956876061055,25.623089220225133,-21.231293532619027,-4.8343081151372616,True,4.3917956876061055,0.9098837564691991,3.4819119311369064,0.7928219295271539,True,4.3917956876061055,5.88643956018191,-1.4946438725758044,-0.34032636736580746,True,4.3917956876061055,6.616014159523328,-2.224218471917222,-0.5064485304255141,True,4.3917956876061055,13.621459300680051,-9.229663613073946,-2.101569442112386,True,4.3917956876061055,14.037876502378163,-9.646080814772057,-2.1963865126954425,True,4.3917956876061055,18.098792723125598,-13.706997035519493,-3.1210461529896323,True,theoretical,200,100.36289014505809,101.3557756533999,101.3557756533999,0.016756083549027245,7.546147704903595,1.0,1.8982997325415087,4.397362023898554,15.976955170975685,104.91935262642835,0.0,200.0,-0.016756083549027245,3.573426591530338,7.546147704903595,7.527277344740035,15.976955170975685,0.88,4.397362023898554,6.785002447450862,4.534802855762105,9.092877838124565,5.480414352224888,15.46264244144377,101.3557756533999,10135.57756533999,101.3557756533999,10135.57756533999,0.016756083549027245,1.6756083549027243,1.8982997325415087,189.82997325415087,4.397362023898554,439.7362023898554,15.976955170975684,1597.6955170975687,104.91935262642835,10491.935262642835,0.0,0.0,7.527277344740035,752.7277344740036,9.092877838124565,909.2877838124565,15.976955170975684,1597.6955170975687,Full — binaires théoriques
full,l1,performance,0.3050623571729559,0.07498942093324557,,3.2307212230874636,12,1.0,False,RMSE de validation minimale,9,all,2000.0,1.0,sufficient,0.1996693333016245,0.8847449846777791,0.728,7.693085544322654,2.9759731271084333,4.717112417214221,0.6131626107674517,True,4.3917956876061055,25.623089220225133,-21.231293532619027,-4.8343081151372616,True,4.3917956876061055,0.9098837564691991,3.4819119311369064,0.7928219295271539,True,4.3917956876061055,5.88643956018191,-1.4946438725758044,-0.34032636736580746,True,4.3917956876061055,6.616014159523328,-2.224218471917222,-0.5064485304255141,True,4.3917956876061055,13.621459300680051,-9.229663613073946,-2.101569442112386,True,4.3917956876061055,14.037876502378163,-9.646080814772057,-2.1963865126954425,True,4.3917956876061055,18.098792723125598,-13.706997035519493,-3.1210461529896323,True,vertical_spread,200,100.36289014505809,101.36179720437009,101.45596051667988,0.03729036074678179,7.6396055463883314,1.0,1.8767393334729048,4.395009775213863,15.380018474183075,105.44441254329398,0.0,200.0,-0.03729036074678179,3.54871474392041,7.6396055463883314,7.620573837375368,15.380018474183075,0.88,4.395009775213863,6.751013302149258,4.533473763782337,9.026907045289935,5.6570878907159585,15.209636824117212,101.36179720437009,10136.179720437009,101.45596051667988,10145.596051667988,0.03729036074678179,3.729036074678179,1.8767393334729048,187.67393334729047,4.395009775213863,439.5009775213863,15.380018474183075,1538.0018474183075,105.44441254329398,10544.441254329397,0.0,0.0,7.620573837375368,762.0573837375368,9.026907045289935,902.6907045289935,15.380018474183075,1538.0018474183075,Full — binaires remplacées par spreads
full,l1,performance,0.3050623571729559,0.07498942093324557,,3.2307212230874636,12,1.0,False,RMSE de validation minimale,9,all,2000.0,1.0,sufficient,0.1996693333016245,0.8847449846777791,0.728,7.693085544322654,2.9759731271084333,4.717112417214221,0.6131626107674517,True,4.3917956876061055,25.623089220225133,-21.231293532619027,-4.8343081151372616,True,4.3917956876061055,0.9098837564691991,3.4819119311369064,0.7928219295271539,True,4.3917956876061055,5.88643956018191,-1.4946438725758044,-0.34032636736580746,True,4.3917956876061055,6.616014159523328,-2.224218471917222,-0.5064485304255141,True,4.3917956876061055,13.621459300680051,-9.229663613073946,-2.101569442112386,True,4.3917956876061055,14.037876502378163,-9.646080814772057,-2.1963865126954425,True,4.3917956876061055,18.098792723125598,-13.706997035519493,-3.1210461529896323,True,otc_favorable,200,100.36289014505809,101.35708683750147,101.3557756533999,0.014433547949868206,7.545960700127983,1.0,1.9002615349699692,4.402006330961016,15.981599478038163,104.91935262642835,0.0022730463032955084,200.0,-0.014433547949868206,3.5747463078333364,7.545960700127983,7.5270859966352885,15.981599478038163,0.88,4.402006330961016,6.789646754513329,4.539447162824582,9.097522145187032,5.485058659287351,15.46728674850624,101.35708683750147,10135.708683750148,101.3557756533999,10135.57756533999,0.014433547949868206,1.4433547949868208,1.9002615349699692,190.02615349699693,4.402006330961016,440.20063309610157,15.981599478038163,1598.159947803816,104.91935262642835,10491.935262642835,0.0022730463032955084,0.22730463032955084,7.5270859966352885,752.7085996635288,9.097522145187032,909.7522145187031,15.981599478038163,1598.159947803816,Full OTC — favorable (5 bps)
full,l1,performance,0.3050623571729559,0.07498942093324557,,3.2307212230874636,12,1.0,False,RMSE de validation minimale,9,all,2000.0,1.0,sufficient,0.1996693333016245,0.8847449846777791,0.728,7.693085544322654,2.9759731271084333,4.717112417214221,0.6131626107674517,True,4.3917956876061055,25.623089220225133,-21.231293532619027,-4.8343081151372616,True,4.3917956876061055,0.9098837564691991,3.4819119311369064,0.7928219295271539,True,4.3917956876061055,5.88643956018191,-1.4946438725758044,-0.34032636736580746,True,4.3917956876061055,6.616014159523328,-2.224218471917222,-0.5064485304255141,True,4.3917956876061055,13.621459300680051,-9.229663613073946,-2.101569442112386,True,4.3917956876061055,14.037876502378163,-9.646080814772057,-2.1963865126954425,True,4.3917956876061055,18.098792723125598,-13.706997035519493,-3.1210461529896323,True,otc_central,200,100.36289014505809,101.35839802160304,101.3557756533999,0.012111012350709185,7.545773962536143,1.0,1.9022233373984294,4.406650638023452,15.986243785100626,104.91935262642835,0.004546092606591039,200.0,-0.012111012350709185,3.5760660241363342,7.545773962536143,7.526895631456577,15.986243785100626,0.88,4.406650638023452,6.7942910615757866,4.544091469887031,9.102166452249495,5.489702966349801,15.471931055568703,101.35839802160304,10135.839802160304,101.3557756533999,10135.57756533999,0.012111012350709185,1.2111012350709185,1.9022233373984294,190.22233373984295,4.406650638023452,440.6650638023452,15.986243785100626,1598.6243785100626,104.91935262642835,10491.935262642835,0.004546092606591039,0.4546092606591039,7.526895631456577,752.6895631456578,9.102166452249495,910.2166452249495,15.986243785100626,1598.6243785100626,Full OTC — central (10 bps)
full,l1,performance,0.3050623571729559,0.07498942093324557,,3.2307212230874636,12,1.0,False,RMSE de validation minimale,9,all,2000.0,1.0,sufficient,0.1996693333016245,0.8847449846777791,0.728,7.693085544322654,2.9759731271084333,4.717112417214221,0.6131626107674517,True,4.3917956876061055,25.623089220225133,-21.231293532619027,-4.8343081151372616,True,4.3917956876061055,0.9098837564691991,3.4819119311369064,0.7928219295271539,True,4.3917956876061055,5.88643956018191,-1.4946438725758044,-0.34032636736580746,True,4.3917956876061055,6.616014159523328,-2.224218471917222,-0.5064485304255141,True,4.3917956876061055,13.621459300680051,-9.229663613073946,-2.101569442112386,True,4.3917956876061055,14.037876502378163,-9.646080814772057,-2.1963865126954425,True,4.3917956876061055,18.098792723125598,-13.706997035519493,-3.1210461529896323,True,otc_stressed,200,100.36289014505809,101.36233157390768,101.3557756533999,0.005143405553231819,7.5452153530614945,1.0,1.908108744683811,4.4205835592108285,16.000176706288002,104.91935262642835,0.011365231516477588,200.0,-0.005143405553231819,3.5800251730453283,7.5452153530614945,7.526330434220598,16.000176706288002,0.88,4.4205835592108285,6.808223982763167,4.558024391074407,9.116099373436867,5.5036358875371905,15.485863976756065,101.36233157390768,10136.233157390769,101.3557756533999,10135.57756533999,0.005143405553231819,0.5143405553231819,1.908108744683811,190.8108744683811,4.4205835592108285,442.05835592108286,16.000176706288002,1600.0176706288,104.91935262642835,10491.935262642835,0.011365231516477588,1.1365231516477587,7.526330434220598,752.6330434220598,9.116099373436867,911.6099373436867,16.000176706288002,1600.0176706288,Full OTC — stressé (25 bps)
full,l1,compromise,0.5424861085386071,0.13335214321633237,,4.345683936014839,6,0.7122271975073221,False,distance normalisée minimale parmi les candidats non attribués,7,all,2000.0,1.0,sufficient,0.3066899302280988,0.9273363445796413,0.79,7.693085544322654,3.0206752176998255,4.672410326622828,0.6073519265713839,True,4.3917956876061055,23.319251542708813,-18.927455855102707,-4.30973050693525,True,4.3917956876061055,1.1897879254202337,3.202007762185872,0.7290885072869209,True,4.3917956876061055,2.9062619881768375,1.485533699429268,0.33825200557975127,True,4.3917956876061055,6.629609999572652,-2.237814311966546,-0.5095442664333826,True,4.3917956876061055,13.446404236550045,-9.05460854894394,-2.061709877464599,True,4.3917956876061055,13.801018925699728,-9.409223238093622,-2.1424546830916973,True,4.3917956876061055,17.804743432975574,-13.412947745369468,-3.05409192490934,True,theoretical,200,100.36289014505809,101.21502591865237,101.21502591865237,0.07660002628476588,7.694168193231423,1.0,1.8298503535554125,4.490087588803403,15.671166333131225,104.49385769764612,0.0,200.0,-0.07660002628476588,3.534658602322131,7.694168193231423,7.6752909149316455,15.671166333131225,0.885,4.490087588803403,6.9825944766079004,4.554590386048259,9.443985677676606,8.393098454258286,14.395232251968736,101.21502591865237,10121.502591865237,101.21502591865237,10121.502591865237,0.07660002628476588,7.660002628476588,1.8298503535554125,182.98503535554127,4.490087588803403,449.00875888034034,15.671166333131225,1567.1166333131225,104.49385769764612,10449.385769764613,0.0,0.0,7.6752909149316455,767.5290914931646,9.443985677676606,944.3985677676606,15.671166333131225,1567.1166333131225,Full — binaires théoriques
full,l1,compromise,0.5424861085386071,0.13335214321633237,,4.345683936014839,6,0.7122271975073221,False,distance normalisée minimale parmi les candidats non attribués,7,all,2000.0,1.0,sufficient,0.3066899302280988,0.9273363445796413,0.79,7.693085544322654,3.0206752176998255,4.672410326622828,0.6073519265713839,True,4.3917956876061055,23.319251542708813,-18.927455855102707,-4.30973050693525,True,4.3917956876061055,1.1897879254202337,3.202007762185872,0.7290885072869209,True,4.3917956876061055,2.9062619881768375,1.485533699429268,0.33825200557975127,True,4.3917956876061055,6.629609999572652,-2.237814311966546,-0.5095442664333826,True,4.3917956876061055,13.446404236550045,-9.05460854894394,-2.061709877464599,True,4.3917956876061055,13.801018925699728,-9.409223238093622,-2.1424546830916973,True,4.3917956876061055,17.804743432975574,-13.412947745369468,-3.05409192490934,True,vertical_spread,200,100.36289014505809,101.21504884822822,101.21540741445482,0.108368024531562,7.784665756275891,1.0,1.8050878734123859,4.484524249015294,14.955067035511291,104.82597674683853,0.0,200.0,-0.108368024531562,3.508125914684155,7.784665756275891,7.765935839355788,14.955067035511291,0.88,4.484524249015294,6.625883713088245,4.550752541036249,8.734879179767113,5.6391649866301465,14.024806085293555,101.21504884822822,10121.504884822823,101.21540741445482,10121.540741445482,0.108368024531562,10.8368024531562,1.8050878734123859,180.50878734123862,4.484524249015294,448.45242490152947,14.955067035511293,1495.506703551129,104.82597674683853,10482.597674683853,0.0,0.0,7.765935839355788,776.5935839355787,8.734879179767113,873.4879179767113,14.955067035511293,1495.506703551129,Full — binaires remplacées par spreads
full,l1,compromise,0.5424861085386071,0.13335214321633237,,4.345683936014839,6,0.7122271975073221,False,distance normalisée minimale parmi les candidats non attribués,7,all,2000.0,1.0,sufficient,0.3066899302280988,0.9273363445796413,0.79,7.693085544322654,3.0206752176998255,4.672410326622828,0.6073519265713839,True,4.3917956876061055,23.319251542708813,-18.927455855102707,-4.30973050693525,True,4.3917956876061055,1.1897879254202337,3.202007762185872,0.7290885072869209,True,4.3917956876061055,2.9062619881768375,1.485533699429268,0.33825200557975127,True,4.3917956876061055,6.629609999572652,-2.237814311966546,-0.5095442664333826,True,4.3917956876061055,13.446404236550045,-9.05460854894394,-2.061709877464599,True,4.3917956876061055,13.801018925699728,-9.409223238093622,-2.1424546830916973,True,4.3917956876061055,17.804743432975574,-13.412947745369468,-3.05409192490934,True,otc_favorable,200,100.36289014505809,101.21503091153467,101.21502591865237,0.07572730348742734,7.694106959356108,1.0,1.8304177994257882,4.493305982784859,15.67438472711271,104.49385769764612,0.0008660343281947189,200.0,-0.07572730348742734,3.534951756913604,7.694106959356108,7.675221177073368,15.67438472711271,0.885,4.493305982784859,6.985812870589365,4.557808780029729,9.447204071658076,8.396316848239756,14.398450645950213,101.21503091153467,10121.503091153467,101.21502591865237,10121.502591865237,0.07572730348742734,7.572730348742734,1.8304177994257882,183.04177994257884,4.493305982784859,449.3305982784859,15.674384727112711,1567.438472711271,104.49385769764612,10449.385769764613,0.0008660343281947189,0.08660343281947189,7.675221177073367,767.5221177073369,9.447204071658076,944.7204071658075,15.674384727112711,1567.438472711271,Full OTC — favorable (5 bps)
full,l1,compromise,0.5424861085386071,0.13335214321633237,,4.345683936014839,6,0.7122271975073221,False,distance normalisée minimale parmi les candidats non attribués,7,all,2000.0,1.0,sufficient,0.3066899302280988,0.9273363445796413,0.79,7.693085544322654,3.0206752176998255,4.672410326622828,0.6073519265713839,True,4.3917956876061055,23.319251542708813,-18.927455855102707,-4.30973050693525,True,4.3917956876061055,1.1897879254202337,3.202007762185872,0.7290885072869209,True,4.3917956876061055,2.9062619881768375,1.485533699429268,0.33825200557975127,True,4.3917956876061055,6.629609999572652,-2.237814311966546,-0.5095442664333826,True,4.3917956876061055,13.446404236550045,-9.05460854894394,-2.061709877464599,True,4.3917956876061055,13.801018925699728,-9.409223238093622,-2.1424546830916973,True,4.3917956876061055,17.804743432975574,-13.412947745369468,-3.05409192490934,True,otc_central,200,100.36289014505809,101.21503590441695,101.21502591865237,0.07485458069011773,7.694045990819372,1.0,1.8309852452961366,4.496524376766301,15.677603121094137,104.49385769764612,0.0017320686563894589,200.0,-0.07485458069011773,3.5352449115050546,7.694045990819372,7.675151802964534,15.677603121094137,0.885,4.496524376766301,6.989031264570798,4.561027174011157,9.450422465639507,8.399535242221184,14.40166903993164,101.21503590441695,10121.503590441695,101.21502591865237,10121.502591865237,0.07485458069011773,7.485458069011774,1.8309852452961366,183.09852452961366,4.496524376766301,449.6524376766301,15.677603121094137,1567.7603121094137,104.49385769764612,10449.385769764613,0.0017320686563894589,0.1732068656389459,7.675151802964533,767.5151802964533,9.450422465639507,945.0422465639508,15.677603121094137,1567.7603121094137,Full OTC — central (10 bps)
full,l1,compromise,0.5424861085386071,0.13335214321633237,,4.345683936014839,6,0.7122271975073221,False,distance normalisée minimale parmi les candidats non attribués,7,all,2000.0,1.0,sufficient,0.3066899302280988,0.9273363445796413,0.79,7.693085544322654,3.0206752176998255,4.672410326622828,0.6073519265713839,True,4.3917956876061055,23.319251542708813,-18.927455855102707,-4.30973050693525,True,4.3917956876061055,1.1897879254202337,3.202007762185872,0.7290885072869209,True,4.3917956876061055,2.9062619881768375,1.485533699429268,0.33825200557975127,True,4.3917956876061055,6.629609999572652,-2.237814311966546,-0.5095442664333826,True,4.3917956876061055,13.446404236550045,-9.05460854894394,-2.061709877464599,True,4.3917956876061055,13.801018925699728,-9.409223238093622,-2.1424546830916973,True,4.3917956876061055,17.804743432975574,-13.412947745369468,-3.05409192490934,True,otc_stressed,200,100.36289014505809,101.21505088306388,101.21502591865237,0.07223641229813316,7.693864677303579,1.0,1.8326875829072344,4.506179558710668,15.687258303038504,104.49385769764612,0.004330171640973636,200.0,-0.07223641229813316,3.5361243752794502,7.693864677303579,7.674945863233051,15.687258303038504,0.885,4.506179558710668,6.998686446515171,4.570682355955524,9.460077647583883,8.409190424165578,14.411324221876008,101.21505088306388,10121.505088306389,101.21502591865237,10121.502591865237,0.07223641229813316,7.223641229813316,1.8326875829072344,183.26875829072344,4.506179558710668,450.6179558710668,15.687258303038504,1568.7258303038504,104.49385769764612,10449.385769764613,0.004330171640973636,0.43301716409736357,7.674945863233051,767.4945863233052,9.460077647583883,946.0077647583884,15.687258303038504,1568.7258303038504,Full OTC — stressé (25 bps)
full,l1,parsimony,0.7234168523871118,0.17782794100389226,,5.002163345173296,3,1.0,False,nombre d'options minimal parmi les candidats non attribués,6,all,2000.0,1.0,sufficient,0.3299387241219705,0.9884335924921837,0.9145,7.693085544322654,3.1828193435229855,4.510266200799668,0.5862753214967376,True,4.3917956876061055,31.353807346560757,-26.96201165895465,-6.139177133181073,True,4.3917956876061055,1.3825672740984203,3.009228413507685,0.6851931709846834,True,4.3917956876061055,3.0237106061444674,1.368085081461638,0.31150927292051656,True,4.3917956876061055,6.910306290932715,-2.518510603326609,-0.573458052803774,True,4.3917956876061055,13.809596202696707,-9.417800515090601,-2.1444077058657722,True,4.3917956876061055,13.629951111084493,-9.238155423478387,-2.1035030043744936,True,4.3917956876061055,19.144100557728613,-14.752304870122508,-3.3590599197850532,True,theoretical,200,100.36289014505809,101.21373012586227,101.21373012586227,0.10587726582215923,7.739021848492682,1.0,1.809095470187667,4.4776301412375386,14.874174727814378,104.45462098840478,0.0,200.0,-0.10587726582215923,3.5253072704485477,7.739021848492682,7.720376083521309,14.874174727814378,0.885,4.4776301412375386,6.545995642470226,4.54331206703412,8.572706036211738,7.897439647497916,12.937187643196694,101.21373012586227,10121.373012586228,101.21373012586227,10121.373012586228,0.10587726582215923,10.587726582215923,1.809095470187667,180.9095470187667,4.4776301412375386,447.7630141237538,14.874174727814378,1487.4174727814377,104.45462098840478,10445.462098840479,0.0,0.0,7.720376083521309,772.037608352131,8.572706036211738,857.2706036211738,14.874174727814378,1487.4174727814377,Full — binaires théoriques
full,l1,parsimony,0.7234168523871118,0.17782794100389226,,5.002163345173296,3,1.0,False,nombre d'options minimal parmi les candidats non attribués,6,all,2000.0,1.0,sufficient,0.3299387241219705,0.9884335924921837,0.9145,7.693085544322654,3.1828193435229855,4.510266200799668,0.5862753214967376,True,4.3917956876061055,31.353807346560757,-26.96201165895465,-6.139177133181073,True,4.3917956876061055,1.3825672740984203,3.009228413507685,0.6851931709846834,True,4.3917956876061055,3.0237106061444674,1.368085081461638,0.31150927292051656,True,4.3917956876061055,6.910306290932715,-2.518510603326609,-0.573458052803774,True,4.3917956876061055,13.809596202696707,-9.417800515090601,-2.1444077058657722,True,4.3917956876061055,13.629951111084493,-9.238155423478387,-2.1035030043744936,True,4.3917956876061055,19.144100557728613,-14.752304870122508,-3.3590599197850532,True,vertical_spread,200,100.36289014505809,101.21373012586227,101.21373012586227,0.13546276704772156,7.8231888117947666,1.0,1.7868871159913005,4.471888245571083,14.20737213150015,104.76351133783665,0.0,200.0,-0.13546276704772156,3.50173593181584,7.8231888117947666,7.804781991210394,14.20737213150015,0.88,4.471888245571083,6.214939116132145,4.539223872201871,7.915311283961768,5.333151215089297,12.592251212215949,101.21373012586227,10121.373012586228,101.21373012586227,10121.373012586228,0.13546276704772156,13.546276704772156,1.7868871159913005,178.68871159913004,4.471888245571083,447.1888245571083,14.20737213150015,1420.7372131500151,104.76351133783665,10476.351133783664,0.0,0.0,7.804781991210394,780.4781991210393,7.915311283961768,791.5311283961768,14.20737213150015,1420.7372131500151,Full — binaires remplacées par spreads
full,l1,parsimony,0.7234168523871118,0.17782794100389226,,5.002163345173296,3,1.0,False,nombre d'options minimal parmi les candidats non attribués,6,all,2000.0,1.0,sufficient,0.3299387241219705,0.9884335924921837,0.9145,7.693085544322654,3.1828193435229855,4.510266200799668,0.5862753214967376,True,4.3917956876061055,31.353807346560757,-26.96201165895465,-6.139177133181073,True,4.3917956876061055,1.3825672740984203,3.009228413507685,0.6851931709846834,True,4.3917956876061055,3.0237106061444674,1.368085081461638,0.31150927292051656,True,4.3917956876061055,6.910306290932715,-2.518510603326609,-0.573458052803774,True,4.3917956876061055,13.809596202696707,-9.417800515090601,-2.1444077058657722,True,4.3917956876061055,13.629951111084493,-9.238155423478387,-2.1035030043744936,True,4.3917956876061055,19.144100557728613,-14.752304870122508,-3.3590599197850532,True,otc_favorable,200,100.36289014505809,101.21373012586227,101.21373012586227,0.10506943998495404,7.738963441960224,1.0,1.8096190610080776,4.480622088782737,14.877166675359575,104.45462098840478,0.0008017403829585026,200.0,-0.10506943998495404,3.5255765457276165,7.738963441960224,7.72030679231309,14.877166675359575,0.885,4.480622088782737,6.548987590015424,4.546304014579303,8.575697983756939,7.900431595043114,12.940179590741892,101.21373012586227,10121.373012586228,101.21373012586227,10121.373012586228,0.10506943998495404,10.506943998495403,1.8096190610080776,180.96190610080777,4.480622088782737,448.0622088782737,14.877166675359577,1487.7166675359576,104.45462098840478,10445.462098840479,0.0008017403829585026,0.08017403829585026,7.720306792313091,772.030679231309,8.575697983756939,857.569798375694,14.877166675359577,1487.7166675359576,Full OTC — favorable (5 bps)
full,l1,parsimony,0.7234168523871118,0.17782794100389226,,5.002163345173296,3,1.0,False,nombre d'options minimal parmi les candidats non attribués,6,all,2000.0,1.0,sufficient,0.3299387241219705,0.9884335924921837,0.9145,7.693085544322654,3.1828193435229855,4.510266200799668,0.5862753214967376,True,4.3917956876061055,31.353807346560757,-26.96201165895465,-6.139177133181073,True,4.3917956876061055,1.3825672740984203,3.009228413507685,0.6851931709846834,True,4.3917956876061055,3.0237106061444674,1.368085081461638,0.31150927292051656,True,4.3917956876061055,6.910306290932715,-2.518510603326609,-0.573458052803774,True,4.3917956876061055,13.809596202696707,-9.417800515090601,-2.1444077058657722,True,4.3917956876061055,13.629951111084493,-9.238155423478387,-2.1035030043744936,True,4.3917956876061055,19.144100557728613,-14.752304870122508,-3.3590599197850532,True,otc_central,200,100.36289014505809,101.21373012586227,101.21373012586227,0.10426161414774819,7.73890526412225,1.0,1.8101426518284887,4.483614036327948,14.880158622904787,104.45462098840478,0.0016034807659170253,200.0,-0.10426161414774819,3.525845821006684,7.73890526412225,7.720237813552666,14.880158622904787,0.885,4.483614036327948,6.551979537560631,4.549295962124515,8.578689931302145,7.903423542588311,12.943171538287103,101.21373012586227,10121.373012586228,101.21373012586227,10121.373012586228,0.10426161414774819,10.42616141477482,1.8101426518284887,181.01426518284887,4.483614036327948,448.3614036327948,14.880158622904787,1488.015862290479,104.45462098840478,10445.462098840479,0.0016034807659170253,0.16034807659170255,7.720237813552666,772.0237813552666,8.578689931302145,857.8689931302146,14.880158622904787,1488.015862290479,Full OTC — central (10 bps)
full,l1,parsimony,0.7234168523871118,0.17782794100389226,,5.002163345173296,3,1.0,False,nombre d'options minimal parmi les candidats non attribués,6,all,2000.0,1.0,sufficient,0.3299387241219705,0.9884335924921837,0.9145,7.693085544322654,3.1828193435229855,4.510266200799668,0.5862753214967376,True,4.3917956876061055,31.353807346560757,-26.96201165895465,-6.139177133181073,True,4.3917956876061055,1.3825672740984203,3.009228413507685,0.6851931709846834,True,4.3917956876061055,3.0237106061444674,1.368085081461638,0.31150927292051656,True,4.3917956876061055,6.910306290932715,-2.518510603326609,-0.573458052803774,True,4.3917956876061055,13.809596202696707,-9.417800515090601,-2.1444077058657722,True,4.3917956876061055,13.629951111084493,-9.238155423478387,-2.1035030043744936,True,4.3917956876061055,19.144100557728613,-14.752304870122508,-3.3590599197850532,True,otc_stressed,200,100.36289014505809,101.21373012586227,101.21373012586227,0.10183813663613138,7.738732102826693,1.0,1.811713424289722,4.492589878963569,14.889134465540408,104.45462098840478,0.004008701914792552,200.0,-0.10183813663613138,3.5266536468438905,7.738732102826693,7.720032752041753,14.889134465540408,0.885,4.492589878963569,6.56095538019625,4.558271804760136,8.587665773937767,7.9123993852239325,12.952147380922725,101.21373012586227,10121.373012586228,101.21373012586227,10121.373012586228,0.10183813663613138,10.183813663613138,1.811713424289722,181.1713424289722,4.492589878963569,449.2589878963569,14.889134465540408,1488.9134465540408,104.45462098840478,10445.462098840479,0.004008701914792552,0.40087019147925523,7.720032752041753,772.0032752041753,8.587665773937767,858.7665773937766,14.889134465540408,1488.9134465540408,Full OTC — stressé (25 bps)
full,elastic_net,performance,0.2572874586950336,0.0316227766016838,0.5,3.072679792268275,23,1.0,False,RMSE de validation minimale,12,all,2000.0,1.0,sufficient,-0.011811200580244964,0.8754746668724013,0.1635,7.693085544322654,3.0042897466670144,4.688795797655639,0.6094818224289574,True,4.3917956876061055,24.247274659057197,-19.85547897145109,-4.521038860592803,True,4.3917956876061055,1.489893476816067,2.9019022107900385,0.6607552849007456,True,4.3917956876061055,7.6770048300256875,-3.285209142419582,-0.748033236539356,True,4.3917956876061055,5.571595347383328,-1.1797996597772222,-0.268637191640468,True,4.3917956876061055,12.33256421349396,-7.940768525887854,-1.8080915167108411,True,4.3917956876061055,13.00800997972629,-8.616214292120185,-1.9618886908686637,True,4.3917956876061055,16.921596190622076,-12.52980050301597,-2.8530016863889576,True,theoretical,200,100.36289014505809,101.5277606639214,101.5277606639214,-0.053385356680742756,7.03814068411586,1.0,1.9270613773973497,3.963226672800849,15.067898809348264,105.54422204119463,0.0,200.0,0.053385356680742756,3.4860946913979016,7.03814068411586,7.020726256183741,15.067898809348264,0.87,3.963226672800849,6.076069654508974,4.454477214542151,7.8749952058278705,4.835563671331331,12.765030519448086,101.5277606639214,10152.77606639214,101.5277606639214,10152.77606639214,-0.053385356680742756,-5.338535668074275,1.9270613773973497,192.706137739735,3.963226672800849,396.3226672800849,15.067898809348264,1506.7898809348264,105.54422204119463,10554.422204119463,0.0,0.0,7.020726256183741,702.072625618374,7.87499520582787,787.4995205827871,15.067898809348264,1506.7898809348264,Full — binaires théoriques
full,elastic_net,performance,0.2572874586950336,0.0316227766016838,0.5,3.072679792268275,23,1.0,False,RMSE de validation minimale,12,all,2000.0,1.0,sufficient,-0.011811200580244964,0.8754746668724013,0.1635,7.693085544322654,3.0042897466670144,4.688795797655639,0.6094818224289574,True,4.3917956876061055,24.247274659057197,-19.85547897145109,-4.521038860592803,True,4.3917956876061055,1.489893476816067,2.9019022107900385,0.6607552849007456,True,4.3917956876061055,7.6770048300256875,-3.285209142419582,-0.748033236539356,True,4.3917956876061055,5.571595347383328,-1.1797996597772222,-0.268637191640468,True,4.3917956876061055,12.33256421349396,-7.940768525887854,-1.8080915167108411,True,4.3917956876061055,13.00800997972629,-8.616214292120185,-1.9618886908686637,True,4.3917956876061055,16.921596190622076,-12.52980050301597,-2.8530016863889576,True,vertical_spread,200,100.36289014505809,101.54099289641962,101.74791480864027,-0.026816063059147747,7.152624658205749,1.0,1.8998956093622081,4.082052587653017,14.500374289668258,106.51788965315401,0.0,200.0,0.026816063059147747,3.441356771742935,7.152624658205749,7.134771082866291,14.500374289668258,0.87,4.082052587653017,6.047261253613688,4.452659904856636,7.822106097800057,4.924340371867054,12.589580615789544,101.54099289641962,10154.099289641963,101.74791480864027,10174.791480864027,-0.026816063059147747,-2.681606305914775,1.8998956093622081,189.9895609362208,4.082052587653017,408.2052587653017,14.500374289668256,1450.037428966826,106.51788965315401,10651.788965315402,0.0,0.0,7.134771082866291,713.4771082866291,7.822106097800057,782.2106097800056,14.500374289668256,1450.037428966826,Full — binaires remplacées par spreads
full,elastic_net,performance,0.2572874586950336,0.0316227766016838,0.5,3.072679792268275,23,1.0,False,RMSE de validation minimale,12,all,2000.0,1.0,sufficient,-0.011811200580244964,0.8754746668724013,0.1635,7.693085544322654,3.0042897466670144,4.688795797655639,0.6094818224289574,True,4.3917956876061055,24.247274659057197,-19.85547897145109,-4.521038860592803,True,4.3917956876061055,1.489893476816067,2.9019022107900385,0.6607552849007456,True,4.3917956876061055,7.6770048300256875,-3.285209142419582,-0.748033236539356,True,4.3917956876061055,5.571595347383328,-1.1797996597772222,-0.268637191640468,True,4.3917956876061055,12.33256421349396,-7.940768525887854,-1.8080915167108411,True,4.3917956876061055,13.00800997972629,-8.616214292120185,-1.9618886908686637,True,4.3917956876061055,16.921596190622076,-12.52980050301597,-2.8530016863889576,True,otc_favorable,200,100.36289014505809,101.53064196360079,101.5277606639214,-0.05864657721937956,7.037662989576755,1.0,1.931436473993217,3.973068154659435,15.077824750833145,105.54422204119463,0.005143287545144231,200.0,0.05864657721937956,3.488975418970473,7.037662989576755,7.020291751352197,15.077824750833145,0.87,3.973068154659435,6.085983794918787,4.464400205758301,7.884897545162586,4.845489612816239,12.774956460932966,101.53064196360079,10153.06419636008,101.5277606639214,10152.77606639214,-0.05864657721937956,-5.864657721937956,1.931436473993217,193.1436473993217,3.973068154659435,397.3068154659435,15.077824750833145,1507.7824750833142,105.54422204119463,10554.422204119463,0.005143287545144231,0.5143287545144231,7.020291751352197,702.0291751352197,7.884897545162586,788.4897545162586,15.077824750833145,1507.7824750833142,Full OTC — favorable (5 bps)
full,elastic_net,performance,0.2572874586950336,0.0316227766016838,0.5,3.072679792268275,23,1.0,False,RMSE de validation minimale,12,all,2000.0,1.0,sufficient,-0.011811200580244964,0.8754746668724013,0.1635,7.693085544322654,3.0042897466670144,4.688795797655639,0.6094818224289574,True,4.3917956876061055,24.247274659057197,-19.85547897145109,-4.521038860592803,True,4.3917956876061055,1.489893476816067,2.9019022107900385,0.6607552849007456,True,4.3917956876061055,7.6770048300256875,-3.285209142419582,-0.748033236539356,True,4.3917956876061055,5.571595347383328,-1.1797996597772222,-0.268637191640468,True,4.3917956876061055,12.33256421349396,-7.940768525887854,-1.8080915167108411,True,4.3917956876061055,13.00800997972629,-8.616214292120185,-1.9618886908686637,True,4.3917956876061055,16.921596190622076,-12.52980050301597,-2.8530016863889576,True,otc_central,200,100.36289014505809,101.53352326328014,101.5277606639214,-0.06387673980008145,7.037171072831395,1.0,1.9357843294349817,3.981678025354738,15.087750692318082,105.54422204119463,0.010255751095877891,200.0,0.06387673980008145,3.491832722192774,7.037171072831395,7.0198467264350555,15.087750692318082,0.87,3.981678025354738,6.095482755526861,4.473156922816106,7.894471989870264,4.855415554301134,12.784882402417903,101.53352326328014,10153.352326328015,101.5277606639214,10152.77606639214,-0.06387673980008145,-6.387673980008145,1.9357843294349817,193.57843294349814,3.981678025354738,398.1678025354738,15.087750692318082,1508.7750692318084,105.54422204119463,10554.422204119463,0.010255751095877891,1.025575109587789,7.0198467264350555,701.9846726435056,7.894471989870265,789.4471989870264,15.087750692318082,1508.7750692318084,Full OTC — central (10 bps)
full,elastic_net,performance,0.2572874586950336,0.0316227766016838,0.5,3.072679792268275,23,1.0,False,RMSE de validation minimale,12,all,2000.0,1.0,sufficient,-0.011811200580244964,0.8754746668724013,0.1635,7.693085544322654,3.0042897466670144,4.688795797655639,0.6094818224289574,True,4.3917956876061055,24.247274659057197,-19.85547897145109,-4.521038860592803,True,4.3917956876061055,1.489893476816067,2.9019022107900385,0.6607552849007456,True,4.3917956876061055,7.6770048300256875,-3.285209142419582,-0.748033236539356,True,4.3917956876061055,5.571595347383328,-1.1797996597772222,-0.268637191640468,True,4.3917956876061055,12.33256421349396,-7.940768525887854,-1.8080915167108411,True,4.3917956876061055,13.00800997972629,-8.616214292120185,-1.9618886908686637,True,4.3917956876061055,16.921596190622076,-12.52980050301597,-2.8530016863889576,True,otc_stressed,200,100.36289014505809,101.54216716231825,101.5277606639214,-0.07942253448699453,7.035623562679047,1.0,1.9486925323586812,4.007304491314852,15.117176410104804,105.54422204119463,0.02544964433799264,200.0,0.07942253448699453,3.500278598111681,7.035623562679047,7.018461858564903,15.117176410104804,0.87,4.007304491314852,6.122128166904519,4.498778734251137,7.921805514646865,4.882031363264511,12.814484173538627,101.54216716231825,10154.216716231826,101.5277606639214,10152.77606639214,-0.07942253448699453,-7.942253448699453,1.9486925323586812,194.86925323586811,4.007304491314852,400.7304491314852,15.117176410104802,1511.7176410104803,105.54422204119463,10554.422204119463,0.02544964433799264,2.544964433799264,7.018461858564902,701.8461858564904,7.921805514646865,792.1805514646865,15.117176410104802,1511.7176410104803,Full OTC — stressé (25 bps)
full,elastic_net,compromise,0.8136143828727994,0.1,0.5,3.375113861653289,17,0.6844893232378497,False,distance normalisée minimale parmi les candidats non attribués,8,all,2000.0,1.0,sufficient,0.13849499799804516,0.8362766207393577,0.3555,7.693085544322654,2.6918200275564304,5.001265516766223,0.6500987786957677,True,4.3917956876061055,22.958017623513527,-18.56622193590742,-4.227478520529164,True,4.3917956876061055,1.5499406270857679,2.841855060520338,0.6470827111880939,True,4.3917956876061055,6.469211833696822,-2.077416146090717,-0.4730220378769673,True,4.3917956876061055,3.7865351120613364,0.6052605755447691,0.13781619606140796,True,4.3917956876061055,10.557115046243766,-6.16531935863766,-1.4038265432147807,True,4.3917956876061055,12.011553797542438,-7.619758109936333,-1.7349983132047146,True,4.3917956876061055,14.637586031362286,-10.24579034375618,-2.3329387504683736,True,theoretical,200,100.36289014505809,101.300167202087,101.300167202087,0.027532773646973378,7.208992747603621,1.0,1.802620950827076,4.290046754441471,13.929720842930735,104.6641163335693,0.0,200.0,-0.027532773646973378,3.399038634975169,7.208992747603621,7.191000389824166,13.929720842930735,0.88,4.290046754441471,5.687437820723948,4.471098932602252,6.9680692035920995,4.963517918701781,10.411976082376661,101.300167202087,10130.0167202087,101.300167202087,10130.0167202087,0.027532773646973378,2.753277364697338,1.802620950827076,180.2620950827076,4.290046754441471,429.00467544414715,13.929720842930735,1392.9720842930735,104.6641163335693,10466.411633356929,0.0,0.0,7.191000389824166,719.1000389824165,6.9680692035920995,696.8069203592099,13.929720842930735,1392.9720842930735,Full — binaires théoriques
full,elastic_net,compromise,0.8136143828727994,0.1,0.5,3.375113861653289,17,0.6844893232378497,False,distance normalisée minimale parmi les candidats non attribués,8,all,2000.0,1.0,sufficient,0.13849499799804516,0.8362766207393577,0.3555,7.693085544322654,2.6918200275564304,5.001265516766223,0.6500987786957677,True,4.3917956876061055,22.958017623513527,-18.56622193590742,-4.227478520529164,True,4.3917956876061055,1.5499406270857679,2.841855060520338,0.6470827111880939,True,4.3917956876061055,6.469211833696822,-2.077416146090717,-0.4730220378769673,True,4.3917956876061055,3.7865351120613364,0.6052605755447691,0.13781619606140796,True,4.3917956876061055,10.557115046243766,-6.16531935863766,-1.4038265432147807,True,4.3917956876061055,12.011553797542438,-7.619758109936333,-1.7349983132047146,True,4.3917956876061055,14.637586031362286,-10.24579034375618,-2.3329387504683736,True,vertical_spread,200,100.36289014505809,101.30369715259017,101.35889752095274,0.05918779906826364,7.3009226781377805,1.0,1.7734839207646007,4.28395741687946,13.35924544169464,105.18256500845402,0.0,200.0,-0.05918779906826364,3.3772898873648343,7.3009226781377805,7.282888011492719,13.35924544169464,0.89,4.28395741687946,5.441100286341632,4.483768677520651,6.446976977917413,4.8094275152158374,9.178329025860982,101.30369715259017,10130.369715259018,101.35889752095274,10135.889752095274,0.05918779906826364,5.918779906826363,1.7734839207646007,177.34839207646007,4.28395741687946,428.395741687946,13.359245441694638,1335.9245441694638,105.18256500845402,10518.256500845402,0.0,0.0,7.282888011492719,728.2888011492719,6.446976977917413,644.6976977917413,13.359245441694638,1335.9245441694638,Full — binaires remplacées par spreads
full,elastic_net,compromise,0.8136143828727994,0.1,0.5,3.375113861653289,17,0.6844893232378497,False,distance normalisée minimale parmi les candidats non attribués,8,all,2000.0,1.0,sufficient,0.13849499799804516,0.8362766207393577,0.3555,7.693085544322654,2.6918200275564304,5.001265516766223,0.6500987786957677,True,4.3917956876061055,22.958017623513527,-18.56622193590742,-4.227478520529164,True,4.3917956876061055,1.5499406270857679,2.841855060520338,0.6470827111880939,True,4.3917956876061055,6.469211833696822,-2.077416146090717,-0.4730220378769673,True,4.3917956876061055,3.7865351120613364,0.6052605755447691,0.13781619606140796,True,4.3917956876061055,10.557115046243766,-6.16531935863766,-1.4038265432147807,True,4.3917956876061055,12.011553797542438,-7.619758109936333,-1.7349983132047146,True,4.3917956876061055,14.637586031362286,-10.24579034375618,-2.3329387504683736,True,otc_favorable,200,100.36289014505809,101.30093584375456,101.300167202087,0.025450615960715448,7.208809140039584,1.0,1.8041978543210222,4.295461981363381,13.935136069852646,104.6641163335693,0.0020479607900880923,200.0,-0.025450615960715448,3.4000187419816745,7.208809140039584,7.190809572314054,13.935136069852646,0.88,4.295461981363381,5.6928309635550445,4.476514159524149,6.973459239954394,4.9689331456236925,10.417391309298559,101.30093584375456,10130.093584375456,101.300167202087,10130.0167202087,0.025450615960715448,2.5450615960715446,1.8041978543210222,180.41978543210223,4.295461981363381,429.54619813633815,13.935136069852646,1393.5136069852647,104.6641163335693,10466.411633356929,0.0020479607900880923,0.20479607900880922,7.190809572314054,719.0809572314054,6.973459239954394,697.3459239954394,13.935136069852646,1393.5136069852647,Full OTC — favorable (5 bps)
full,elastic_net,compromise,0.8136143828727994,0.1,0.5,3.375113861653289,17,0.6844893232378497,False,distance normalisée minimale parmi les candidats non attribués,8,all,2000.0,1.0,sufficient,0.13849499799804516,0.8362766207393577,0.3555,7.693085544322654,2.6918200275564304,5.001265516766223,0.6500987786957677,True,4.3917956876061055,22.958017623513527,-18.56622193590742,-4.227478520529164,True,4.3917956876061055,1.5499406270857679,2.841855060520338,0.6470827111880939,True,4.3917956876061055,6.469211833696822,-2.077416146090717,-0.4730220378769673,True,4.3917956876061055,3.7865351120613364,0.6052605755447691,0.13781619606140796,True,4.3917956876061055,10.557115046243766,-6.16531935863766,-1.4038265432147807,True,4.3917956876061055,12.011553797542438,-7.619758109936333,-1.7349983132047146,True,4.3917956876061055,14.637586031362286,-10.24579034375618,-2.3329387504683736,True,otc_central,200,100.36289014505809,101.30170448542209,101.300167202087,0.02340160641285376,7.208606218637521,1.0,1.8057416096765704,4.300877208285307,13.940551296774544,104.6641163335693,0.004063023150895987,200.0,-0.02340160641285376,3.4009657008497816,7.208606218637521,7.190600199738918,13.940551296774544,0.88,4.300877208285307,5.697642617063349,4.481452266614862,6.9783303532402385,4.974348372545604,10.42280653622047,101.30170448542209,10130.170448542209,101.300167202087,10130.0167202087,0.02340160641285376,2.340160641285376,1.8057416096765704,180.57416096765704,4.300877208285307,430.08772082853073,13.940551296774542,1394.0551296774543,104.6641163335693,10466.411633356929,0.004063023150895987,0.40630231508959874,7.190600199738919,719.0600199738917,6.9783303532402385,697.8330353240239,13.940551296774542,1394.0551296774543,Full OTC — central (10 bps)
full,elastic_net,compromise,0.8136143828727994,0.1,0.5,3.375113861653289,17,0.6844893232378497,False,distance normalisée minimale parmi les candidats non attribués,8,all,2000.0,1.0,sufficient,0.13849499799804516,0.8362766207393577,0.3555,7.693085544322654,2.6918200275564304,5.001265516766223,0.6500987786957677,True,4.3917956876061055,22.958017623513527,-18.56622193590742,-4.227478520529164,True,4.3917956876061055,1.5499406270857679,2.841855060520338,0.6470827111880939,True,4.3917956876061055,6.469211833696822,-2.077416146090717,-0.4730220378769673,True,4.3917956876061055,3.7865351120613364,0.6052605755447691,0.13781619606140796,True,4.3917956876061055,10.557115046243766,-6.16531935863766,-1.4038265432147807,True,4.3917956876061055,12.011553797542438,-7.619758109936333,-1.7349983132047146,True,4.3917956876061055,14.637586031362286,-10.24579034375618,-2.3329387504683736,True,otc_stressed,200,100.36289014505809,101.3040104104248,101.300167202087,0.017401314155248163,7.2079122179223125,1.0,1.8102261393572399,4.314328032037785,13.956796977540279,104.6641163335693,0.00996257923112008,200.0,-0.017401314155248163,3.40365984106813,7.2079122179223125,7.189890913936158,13.956796977540279,0.88,4.314328032037785,5.710511278091536,4.493262237375087,6.992119968774077,4.987219236224359,10.439052216986212,101.3040104104248,10130.40104104248,101.300167202087,10130.0167202087,0.017401314155248163,1.7401314155248162,1.8102261393572399,181.022613935724,4.314328032037785,431.43280320377846,13.95679697754028,1395.6796977540278,104.6641163335693,10466.411633356929,0.00996257923112008,0.9962579231120081,7.189890913936158,718.9890913936158,6.992119968774078,699.2119968774076,13.95679697754028,1395.6796977540278,Full OTC — stressé (25 bps)
full,elastic_net,parsimony,3.4309834039666325,0.4216965034285822,0.5,5.021589632291834,5,1.0,False,nombre d'options minimal parmi les candidats non attribués,3,all,2000.0,1.0,sufficient,0.18638062146772721,1.5256342945140642,0.4415,7.693085544322654,4.147488816811519,3.5455967275111346,0.46088096994160105,True,4.3917956876061055,31.35031536465533,-26.958519677049225,-6.138382018345635,True,4.3917956876061055,3.0862916643225233,1.3055040232835822,0.2972597352303496,True,4.3917956876061055,6.293482264107711,-1.9016865765016053,-0.4330088901604125,True,4.3917956876061055,3.3461326694980924,1.045663018108013,0.23809464111887832,True,4.3917956876061055,9.392026472370848,-5.000230784764742,-1.138539026047062,True,4.3917956876061055,7.434524290550379,-3.0427286029442735,-0.6928210735146503,True,4.3917956876061055,14.733413377344183,-10.341617689738078,-2.3547583779734347,True,theoretical,200,100.36289014505809,101.21529084800423,101.21529084800423,0.19853186812013263,7.77003091734689,1.0,1.7985042358800882,4.564080460896905,7.809802506167173,104.24807196652975,0.0,200.0,-0.19853186812013263,3.6250601992910805,7.77003091734689,7.753123787023086,7.809802506167173,0.9,4.564080460896905,5.013421371610387,4.5969508426262475,5.445960945853358,4.7747520471762535,6.579084640936927,101.21529084800423,10121.529084800422,101.21529084800423,10121.529084800422,0.19853186812013263,19.853186812013263,1.7985042358800882,179.85042358800882,4.564080460896905,456.4080460896905,7.8098025061671725,780.9802506167174,104.24807196652975,10424.807196652975,0.0,0.0,7.753123787023086,775.3123787023086,5.445960945853358,544.5960945853358,7.8098025061671725,780.9802506167174,Full — binaires théoriques
full,elastic_net,parsimony,3.4309834039666325,0.4216965034285822,0.5,5.021589632291834,5,1.0,False,nombre d'options minimal parmi les candidats non attribués,3,all,2000.0,1.0,sufficient,0.18638062146772721,1.5256342945140642,0.4415,7.693085544322654,4.147488816811519,3.5455967275111346,0.46088096994160105,True,4.3917956876061055,31.35031536465533,-26.958519677049225,-6.138382018345635,True,4.3917956876061055,3.0862916643225233,1.3055040232835822,0.2972597352303496,True,4.3917956876061055,6.293482264107711,-1.9016865765016053,-0.4330088901604125,True,4.3917956876061055,3.3461326694980924,1.045663018108013,0.23809464111887832,True,4.3917956876061055,9.392026472370848,-5.000230784764742,-1.138539026047062,True,4.3917956876061055,7.434524290550379,-3.0427286029442735,-0.6928210735146503,True,4.3917956876061055,14.733413377344183,-10.341617689738078,-2.3547583779734347,True,vertical_spread,200,100.36289014505809,101.21529084800423,101.21529084800423,0.21280937942989794,7.807454238240839,1.0,1.788103349964519,4.549470450737866,7.5382369584212086,104.3880880270697,0.0,200.0,-0.21280937942989794,3.620091506341386,7.807454238240839,7.7908181730667465,7.5382369584212086,0.905,4.549470450737866,4.905886819815535,4.585532984985215,5.23956264381269,4.702437122385487,6.152171553339471,101.21529084800423,10121.529084800422,101.21529084800423,10121.529084800422,0.21280937942989794,21.280937942989794,1.788103349964519,178.8103349964519,4.549470450737866,454.94704507378657,7.5382369584212086,753.8236958421207,104.3880880270697,10438.80880270697,0.0,0.0,7.7908181730667465,779.0818173066747,5.23956264381269,523.956264381269,7.5382369584212086,753.8236958421207,Full — binaires remplacées par spreads
full,elastic_net,parsimony,3.4309834039666325,0.4216965034285822,0.5,5.021589632291834,5,1.0,False,nombre d'options minimal parmi les candidats non attribués,3,all,2000.0,1.0,sufficient,0.18638062146772721,1.5256342945140642,0.4415,7.693085544322654,4.147488816811519,3.5455967275111346,0.46088096994160105,True,4.3917956876061055,31.35031536465533,-26.958519677049225,-6.138382018345635,True,4.3917956876061055,3.0862916643225233,1.3055040232835822,0.2972597352303496,True,4.3917956876061055,6.293482264107711,-1.9016865765016053,-0.4330088901604125,True,4.3917956876061055,3.3461326694980924,1.045663018108013,0.23809464111887832,True,4.3917956876061055,9.392026472370848,-5.000230784764742,-1.138539026047062,True,4.3917956876061055,7.434524290550379,-3.0427286029442735,-0.6928210735146503,True,4.3917956876061055,14.733413377344183,-10.341617689738078,-2.3547583779734347,True,otc_favorable,200,100.36289014505809,101.21529084800423,101.21529084800423,0.1980594497244909,7.769981266046311,1.0,1.7988453135161706,4.565831671024358,7.811553716294611,104.24807196652975,0.0004688596080912371,200.0,-0.1980594497244909,3.6252699361676037,7.769981266046311,7.753062193479569,7.811553716294611,0.9,4.565831671024358,5.01516441496242,4.598666675596934,5.447702840422164,4.776503257303705,6.580835851064364,101.21529084800423,10121.529084800422,101.21529084800423,10121.529084800422,0.1980594497244909,19.80594497244909,1.7988453135161706,179.88453135161706,4.565831671024358,456.5831671024358,7.811553716294611,781.1553716294611,104.24807196652975,10424.807196652975,0.0004688596080912371,0.04688596080912372,7.753062193479569,775.3062193479569,5.447702840422164,544.7702840422164,7.811553716294611,781.1553716294611,Full OTC — favorable (5 bps)
full,elastic_net,parsimony,3.4309834039666325,0.4216965034285822,0.5,5.021589632291834,5,1.0,False,nombre d'options minimal parmi les candidats non attribués,3,all,2000.0,1.0,sufficient,0.18638062146772721,1.5256342945140642,0.4415,7.693085544322654,4.147488816811519,3.5455967275111346,0.46088096994160105,True,4.3917956876061055,31.35031536465533,-26.958519677049225,-6.138382018345635,True,4.3917956876061055,3.0862916643225233,1.3055040232835822,0.2972597352303496,True,4.3917956876061055,6.293482264107711,-1.9016865765016053,-0.4330088901604125,True,4.3917956876061055,3.3461326694980924,1.045663018108013,0.23809464111887832,True,4.3917956876061055,9.392026472370848,-5.000230784764742,-1.138539026047062,True,4.3917956876061055,7.434524290550379,-3.0427286029442735,-0.6928210735146503,True,4.3917956876061055,14.733413377344183,-10.341617689738078,-2.3547583779734347,True,otc_central,200,100.36289014505809,101.21529084800423,101.21529084800423,0.19759928962845982,7.769924102639659,1.0,1.799174132852643,4.567434883096899,7.813304926422077,104.24807196652975,0.0009255532598945687,200.0,-0.19759928962845982,3.625467414744518,7.769924102639659,7.752993450096451,7.813304926422077,0.9,4.567434883096899,5.016676980602109,4.599871105273027,5.44934469445935,4.778254467431157,6.5825870611918305,101.21529084800423,10121.529084800422,101.21529084800423,10121.529084800422,0.19759928962845982,19.759928962845983,1.799174132852643,179.9174132852643,4.567434883096899,456.74348830968995,7.813304926422076,781.3304926422077,104.24807196652975,10424.807196652975,0.0009255532598945687,0.09255532598945687,7.752993450096451,775.2993450096451,5.44934469445935,544.9344694459351,7.813304926422076,781.3304926422077,Full OTC — central (10 bps)
full,elastic_net,parsimony,3.4309834039666325,0.4216965034285822,0.5,5.021589632291834,5,1.0,False,nombre d'options minimal parmi les candidats non attribués,3,all,2000.0,1.0,sufficient,0.18638062146772721,1.5256342945140642,0.4415,7.693085544322654,4.147488816811519,3.5455967275111346,0.46088096994160105,True,4.3917956876061055,31.35031536465533,-26.958519677049225,-6.138382018345635,True,4.3917956876061055,3.0862916643225233,1.3055040232835822,0.2972597352303496,True,4.3917956876061055,6.293482264107711,-1.9016865765016053,-0.4330088901604125,True,4.3917956876061055,3.3461326694980924,1.045663018108013,0.23809464111887832,True,4.3917956876061055,9.392026472370848,-5.000230784764742,-1.138539026047062,True,4.3917956876061055,7.434524290550379,-3.0427286029442735,-0.6928210735146503,True,4.3917956876061055,14.733413377344183,-10.341617689738078,-2.3547583779734347,True,otc_stressed,200,100.36289014505809,101.21529084800423,101.21529084800423,0.19627307297837254,7.769719385180392,1.0,1.8001063272240538,4.571048172125179,7.818558556804419,104.24807196652975,0.0022417793521488216,200.0,-0.19627307297837254,3.6260055868372514,7.769719385180392,7.7527556228093575,7.818558556804419,0.9,4.571048172125179,5.0206817770611085,4.603484394301307,5.453740998349067,4.782136288990844,6.587840691574172,101.21529084800423,10121.529084800422,101.21529084800423,10121.529084800422,0.19627307297837254,19.627307297837252,1.8001063272240538,180.01063272240538,4.571048172125179,457.10481721251796,7.818558556804419,781.8558556804419,104.24807196652975,10424.807196652975,0.0022417793521488216,0.22417793521488213,7.7527556228093575,775.2755622809357,5.453740998349067,545.3740998349067,7.818558556804419,781.8558556804419,Full OTC — stressé (25 bps)
