family,penalty,profile,condition,condition_frequency,quantile_reliability,n_observations,mean_loss,mae,loss_std,rmse,max_loss,under_replication_rate,var_95,es_95,var_975,es_975,var_99,es_99
full,l0,parsimony,all,1.0,sufficient,2000.0,0.352520427573898,0.9886363677892613,3.54308488513595,3.5596972385139827,31.432659189234215,0.3555,1.0191417871004762,11.13453525339648,9.912165000423926,17.432808396770135,18.03067690371276,22.52612264036178
full,l0,parsimony,recalled,0.7315,sufficient,1463.0,0.02457550481516421,0.05521694532527202,0.18467584206873455,0.18624126899937923,0.6068909213994544,0.22419685577580314,0.6068909213994544,0.6068909213994544,0.6068909213994544,0.6068909213994544,0.6068909213994544,0.6068909213994544
full,l0,parsimony,maturity,0.2685,sufficient,537.0,1.2459718651828882,3.5316393753587523,6.7551086357679635,6.862868476311375,31.432659189234215,0.7132216014897579,15.937276242119164,21.02400087541987,19.75063554652252,24.149963428173514,24.41084663030995,27.60690330028133
full,l0,parsimony,barrier_hit,0.064,warning_low_observation_count,128.0,2.0531671242021425,8.79531385178798,11.743129568896777,11.875994064918968,31.432659189234215,0.515625,21.98696205573925,26.820257418897008,26.325356162381397,28.809812368464314,29.212458579912855,30.646994081794794
full,l1,performance,all,1.0,sufficient,2000.0,0.1996693333016245,0.8847449846777791,2.9700098804474386,2.9759731271084333,25.623089220225133,0.728,0.9098837564691991,5.88643956018191,6.616014159523328,13.621459300680051,14.037876502378163,18.098792723125598
full,l1,performance,recalled,0.7315,sufficient,1463.0,0.013580179594858329,0.07004401277565502,0.33601360588582313,0.33617315613294735,0.9098837564691991,0.7423103212576897,0.7445021671569094,0.7614643814453493,0.7445021671569094,0.7614643814453493,0.7445021671569094,0.7614643814453493
full,l1,performance,maturity,0.2685,sufficient,537.0,0.7066496533630751,3.104312064552653,5.6778145798750534,5.716371174231325,25.623089220225133,0.6890130353817505,12.715775091198422,16.937809043986537,15.284878154555145,19.629446681890823,20.494657092216045,22.256096608420197
full,l1,performance,barrier_hit,0.064,warning_low_observation_count,128.0,0.08231595100251443,6.849025444932952,9.477671162201462,9.440935281599094,25.623089220225133,0.5546875,15.061485341965989,20.14446923480418,20.83765155783723,22.85403952541099,22.276550899520718,24.011887030878913
full,l1,compromise,all,1.0,sufficient,2000.0,0.3066899302280988,0.9273363445796413,3.0058172809214,3.0206752176998255,23.319251542708813,0.79,1.1897879254202337,2.9062619881768375,6.629609999572652,13.446404236550045,13.801018925699728,17.804743432975574
full,l1,compromise,recalled,0.7315,sufficient,1463.0,0.059479503935862814,0.0698158639251551,0.28335791453780035,0.28943848667655137,1.1897879254202337,0.8215994531784006,1.1897879254202337,1.1897879254202337,1.1897879254202337,1.1897879254202337,1.1897879254202337,1.1897879254202337
full,l1,compromise,maturity,0.2685,sufficient,537.0,0.9801887266257548,3.263560670831994,5.731957707361305,5.809898963997345,23.319251542708813,0.7039106145251397,12.406561151245365,16.583618077490687,16.64870471431191,19.08304087872875,18.998229804677834,20.767667109863428
full,l1,compromise,barrier_hit,0.064,warning_low_observation_count,128.0,-0.19708454330944503,7.2939060851270145,9.918449044110082,9.881594716299082,23.319251542708813,0.546875,16.906981521720315,19.87037833269655,19.621754577935917,21.22162184452208,21.255349327174365,22.493178042592703
full,l1,parsimony,all,1.0,sufficient,2000.0,0.3299387241219705,0.9884335924921837,3.166463746540916,3.1828193435229855,31.353807346560757,0.9145,1.3825672740984203,3.0237106061444674,6.910306290932715,13.809596202696707,13.629951111084493,19.144100557728613
full,l1,parsimony,recalled,0.7315,sufficient,1463.0,0.07218650758986568,0.0796969268880433,0.32213190247124535,0.330013523329188,1.3825672740984203,0.9958988380041012,1.3825672740984203,1.3825672740984203,1.3825672740984203,1.3825672740984203,1.3825672740984203,1.3825672740984203
full,l1,parsimony,maturity,0.2685,sufficient,537.0,1.032157518882621,3.4641910259723643,6.036155322687678,6.118224476333108,31.353807346560757,0.6927374301675978,11.858973903752455,17.58480876493215,16.661244524576123,20.67428782860237,19.595339682324028,24.377507942647526
full,l1,parsimony,barrier_hit,0.064,warning_low_observation_count,128.0,-0.36667994836171813,8.007249892484388,10.825902023825304,10.789762861432715,31.353807346560757,0.515625,18.57832871128306,23.54529147758665,22.063685653984663,26.18552642334613,25.990153638086852,28.881055761460033
full,elastic_net,performance,all,1.0,sufficient,2000.0,-0.011811200580244964,0.8754746668724013,3.0050178774328873,3.0042897466670144,24.247274659057197,0.1635,1.489893476816067,7.6770048300256875,5.571595347383328,12.33256421349396,13.00800997972629,16.921596190622076
full,elastic_net,performance,recalled,0.7315,sufficient,1463.0,-0.0529816605734767,0.06321939380623552,0.5739493751629692,0.5761942168995274,0.694429144921088,0.025290498974709502,-0.00020882090345253346,0.006978742119740965,0.0011642163745848642,0.2024027529665696,0.05268760358390948,0.4629733683931761
full,elastic_net,performance,maturity,0.2685,sufficient,537.0,0.10035338595625046,3.088378697590838,5.723803086681818,5.719351660097884,24.247274659057197,0.5400372439478585,11.2347493508259,15.71897647841142,14.876236010763531,18.224407315588252,18.5669130770702,20.4799324215824
full,elastic_net,performance,barrier_hit,0.064,warning_low_observation_count,128.0,-0.8589448663712418,6.656658616742267,9.061639386489608,9.066950117464998,22.639073986987782,0.4375,13.255040665448158,17.701360012864885,16.91617757590777,19.528380539249973,19.542171221601453,21.292753079805248
full,elastic_net,compromise,all,1.0,sufficient,2000.0,0.13849499799804516,0.8362766207393577,2.688927176582494,2.6918200275564304,22.958017623513527,0.3555,1.5499406270857679,6.469211833696822,3.7865351120613364,10.557115046243766,12.011553797542438,14.637586031362286
full,elastic_net,compromise,recalled,0.7315,sufficient,1463.0,0.02951159522162222,0.0680672356603872,0.2765850458571791,0.27806102300726226,0.9098711734220188,0.22146274777853725,0.8672626346501318,0.8683055710049914,0.8672626346501318,0.8683055710049914,0.8672626346501318,0.8683055710049914
full,elastic_net,compromise,maturity,0.2685,sufficient,537.0,0.435408812266028,2.9291822638874647,5.161002787569179,5.174546280677164,22.958017623513527,0.7206703910614525,10.308799817503411,13.723973032801453,12.538591998564891,15.650951582750066,15.54133780797514,18.09088841127454
full,elastic_net,compromise,barrier_hit,0.064,warning_low_observation_count,128.0,-2.2886209248685407,6.460759542977081,8.500704768259029,8.771272459793565,22.958017623513527,0.359375,10.565765283892857,15.229190567782515,12.853345609614058,18.11572437854346,18.650171330464282,21.015182170714013
full,elastic_net,parsimony,all,1.0,sufficient,2000.0,0.18638062146772721,1.5256342945140642,4.144335110276563,4.147488816811519,31.35031536465533,0.4415,3.0862916643225233,6.293482264107711,3.3461326694980924,9.392026472370848,7.434524290550379,14.733413377344183
full,elastic_net,parsimony,recalled,0.7315,sufficient,1463.0,0.16978472938956696,0.17142357033691324,0.6957102527978576,0.7158971814411001,3.066670583648289,0.3116883116883117,3.066670583648289,3.066670583648289,3.066670583648289,3.066670583648289,3.066670583648289,3.066670583648289
full,elastic_net,parsimony,maturity,0.2685,sufficient,537.0,0.23159438331195148,5.21503893040079,7.920397355072687,7.916407617152988,31.35031536465533,0.7951582867783985,6.990441859757413,12.780288915637383,9.04492375903372,17.62907968130212,18.85020616511805,24.31526159544181
full,elastic_net,parsimony,barrier_hit,0.064,warning_low_observation_count,128.0,-7.6298782664530185,12.815801141713635,13.256322178935378,15.250318975041248,31.35031536465533,0.2578125,17.343838234152766,23.405451540952892,22.064225631743,26.184050421272584,25.98775028529064,28.877563779554606
