family,penalty,profile,condition,metric,amount,pct_notional,bps_notional
full,l0,parsimony,all,mean_loss,0.352520427573898,0.352520427573898,35.2520427573898
full,l0,parsimony,all,mae,0.9886363677892613,0.9886363677892613,98.86363677892614
full,l0,parsimony,all,loss_std,3.54308488513595,3.54308488513595,354.308488513595
full,l0,parsimony,all,rmse,3.5596972385139827,3.5596972385139827,355.9697238513983
full,l0,parsimony,all,max_loss,31.432659189234215,31.432659189234215,3143.2659189234214
full,l0,parsimony,all,var_95,1.0191417871004762,1.0191417871004762,101.91417871004762
full,l0,parsimony,all,es_95,11.13453525339648,11.13453525339648,1113.453525339648
full,l0,parsimony,all,var_975,9.912165000423926,9.912165000423926,991.2165000423926
full,l0,parsimony,all,es_975,17.432808396770135,17.432808396770135,1743.2808396770135
full,l0,parsimony,all,var_99,18.03067690371276,18.03067690371276,1803.0676903712758
full,l0,parsimony,all,es_99,22.52612264036178,22.52612264036178,2252.6122640361777
full,l0,parsimony,recalled,mean_loss,0.02457550481516421,0.02457550481516421,2.457550481516421
full,l0,parsimony,recalled,mae,0.05521694532527202,0.05521694532527202,5.521694532527203
full,l0,parsimony,recalled,loss_std,0.18467584206873455,0.18467584206873455,18.467584206873454
full,l0,parsimony,recalled,rmse,0.18624126899937923,0.18624126899937923,18.624126899937924
full,l0,parsimony,recalled,max_loss,0.6068909213994544,0.6068909213994544,60.689092139945444
full,l0,parsimony,recalled,var_95,0.6068909213994544,0.6068909213994544,60.689092139945444
full,l0,parsimony,recalled,es_95,0.6068909213994544,0.6068909213994544,60.689092139945444
full,l0,parsimony,recalled,var_975,0.6068909213994544,0.6068909213994544,60.689092139945444
full,l0,parsimony,recalled,es_975,0.6068909213994544,0.6068909213994544,60.689092139945444
full,l0,parsimony,recalled,var_99,0.6068909213994544,0.6068909213994544,60.689092139945444
full,l0,parsimony,recalled,es_99,0.6068909213994544,0.6068909213994544,60.689092139945444
full,l0,parsimony,maturity,mean_loss,1.2459718651828882,1.2459718651828882,124.59718651828882
full,l0,parsimony,maturity,mae,3.5316393753587523,3.5316393753587523,353.1639375358752
full,l0,parsimony,maturity,loss_std,6.7551086357679635,6.755108635767964,675.5108635767964
full,l0,parsimony,maturity,rmse,6.862868476311375,6.862868476311374,686.2868476311374
full,l0,parsimony,maturity,max_loss,31.432659189234215,31.432659189234215,3143.2659189234214
full,l0,parsimony,maturity,var_95,15.937276242119164,15.937276242119164,1593.7276242119165
full,l0,parsimony,maturity,es_95,21.02400087541987,21.02400087541987,2102.400087541987
full,l0,parsimony,maturity,var_975,19.75063554652252,19.75063554652252,1975.0635546522522
full,l0,parsimony,maturity,es_975,24.149963428173514,24.149963428173514,2414.9963428173514
full,l0,parsimony,maturity,var_99,24.41084663030995,24.41084663030995,2441.084663030995
full,l0,parsimony,maturity,es_99,27.60690330028133,27.60690330028133,2760.690330028133
full,l0,parsimony,barrier_hit,mean_loss,2.0531671242021425,2.0531671242021425,205.31671242021423
full,l0,parsimony,barrier_hit,mae,8.79531385178798,8.79531385178798,879.5313851787981
full,l0,parsimony,barrier_hit,loss_std,11.743129568896777,11.743129568896777,1174.3129568896775
full,l0,parsimony,barrier_hit,rmse,11.875994064918968,11.875994064918968,1187.5994064918968
full,l0,parsimony,barrier_hit,max_loss,31.432659189234215,31.432659189234215,3143.2659189234214
full,l0,parsimony,barrier_hit,var_95,21.98696205573925,21.98696205573925,2198.696205573925
full,l0,parsimony,barrier_hit,es_95,26.820257418897008,26.820257418897008,2682.025741889701
full,l0,parsimony,barrier_hit,var_975,26.325356162381397,26.325356162381397,2632.53561623814
full,l0,parsimony,barrier_hit,es_975,28.809812368464314,28.809812368464314,2880.9812368464313
full,l0,parsimony,barrier_hit,var_99,29.212458579912855,29.212458579912855,2921.245857991286
full,l0,parsimony,barrier_hit,es_99,30.646994081794794,30.646994081794798,3064.6994081794796
full,l1,performance,all,mean_loss,0.1996693333016245,0.1996693333016245,19.96693333016245
full,l1,performance,all,mae,0.8847449846777791,0.8847449846777791,88.4744984677779
full,l1,performance,all,loss_std,2.9700098804474386,2.9700098804474386,297.00098804474385
full,l1,performance,all,rmse,2.9759731271084333,2.9759731271084333,297.5973127108433
full,l1,performance,all,max_loss,25.623089220225133,25.623089220225133,2562.3089220225133
full,l1,performance,all,var_95,0.9098837564691991,0.9098837564691991,90.9883756469199
full,l1,performance,all,es_95,5.88643956018191,5.88643956018191,588.643956018191
full,l1,performance,all,var_975,6.616014159523328,6.616014159523328,661.6014159523328
full,l1,performance,all,es_975,13.621459300680051,13.621459300680051,1362.145930068005
full,l1,performance,all,var_99,14.037876502378163,14.037876502378163,1403.7876502378163
full,l1,performance,all,es_99,18.098792723125598,18.098792723125598,1809.8792723125598
full,l1,performance,recalled,mean_loss,0.013580179594858329,0.013580179594858329,1.3580179594858328
full,l1,performance,recalled,mae,0.07004401277565502,0.07004401277565502,7.004401277565502
full,l1,performance,recalled,loss_std,0.33601360588582313,0.3360136058858231,33.60136058858231
full,l1,performance,recalled,rmse,0.33617315613294735,0.33617315613294735,33.617315613294735
full,l1,performance,recalled,max_loss,0.9098837564691991,0.9098837564691991,90.9883756469199
full,l1,performance,recalled,var_95,0.7445021671569094,0.7445021671569094,74.45021671569094
full,l1,performance,recalled,es_95,0.7614643814453493,0.7614643814453494,76.14643814453493
full,l1,performance,recalled,var_975,0.7445021671569094,0.7445021671569094,74.45021671569094
full,l1,performance,recalled,es_975,0.7614643814453493,0.7614643814453494,76.14643814453493
full,l1,performance,recalled,var_99,0.7445021671569094,0.7445021671569094,74.45021671569094
full,l1,performance,recalled,es_99,0.7614643814453493,0.7614643814453494,76.14643814453493
full,l1,performance,maturity,mean_loss,0.7066496533630751,0.7066496533630751,70.6649653363075
full,l1,performance,maturity,mae,3.104312064552653,3.104312064552653,310.4312064552653
full,l1,performance,maturity,loss_std,5.6778145798750534,5.677814579875053,567.7814579875053
full,l1,performance,maturity,rmse,5.716371174231325,5.716371174231325,571.6371174231325
full,l1,performance,maturity,max_loss,25.623089220225133,25.623089220225133,2562.3089220225133
full,l1,performance,maturity,var_95,12.715775091198422,12.715775091198422,1271.577509119842
full,l1,performance,maturity,es_95,16.937809043986537,16.937809043986537,1693.7809043986535
full,l1,performance,maturity,var_975,15.284878154555145,15.284878154555145,1528.4878154555145
full,l1,performance,maturity,es_975,19.629446681890823,19.629446681890823,1962.9446681890822
full,l1,performance,maturity,var_99,20.494657092216045,20.494657092216045,2049.4657092216044
full,l1,performance,maturity,es_99,22.256096608420197,22.256096608420197,2225.60966084202
full,l1,performance,barrier_hit,mean_loss,0.08231595100251443,0.08231595100251443,8.231595100251443
full,l1,performance,barrier_hit,mae,6.849025444932952,6.849025444932952,684.9025444932952
full,l1,performance,barrier_hit,loss_std,9.477671162201462,9.477671162201462,947.7671162201462
full,l1,performance,barrier_hit,rmse,9.440935281599094,9.440935281599094,944.0935281599093
full,l1,performance,barrier_hit,max_loss,25.623089220225133,25.623089220225133,2562.3089220225133
full,l1,performance,barrier_hit,var_95,15.061485341965989,15.061485341965987,1506.148534196599
full,l1,performance,barrier_hit,es_95,20.14446923480418,20.14446923480418,2014.446923480418
full,l1,performance,barrier_hit,var_975,20.83765155783723,20.83765155783723,2083.765155783723
full,l1,performance,barrier_hit,es_975,22.85403952541099,22.85403952541099,2285.403952541099
full,l1,performance,barrier_hit,var_99,22.276550899520718,22.276550899520718,2227.6550899520716
full,l1,performance,barrier_hit,es_99,24.011887030878913,24.011887030878917,2401.1887030878916
full,l1,compromise,all,mean_loss,0.3066899302280988,0.3066899302280988,30.668993022809882
full,l1,compromise,all,mae,0.9273363445796413,0.9273363445796413,92.73363445796413
full,l1,compromise,all,loss_std,3.0058172809214,3.0058172809214,300.58172809214
full,l1,compromise,all,rmse,3.0206752176998255,3.0206752176998255,302.06752176998253
full,l1,compromise,all,max_loss,23.319251542708813,23.319251542708813,2331.925154270881
full,l1,compromise,all,var_95,1.1897879254202337,1.1897879254202337,118.97879254202337
full,l1,compromise,all,es_95,2.9062619881768375,2.9062619881768375,290.62619881768376
full,l1,compromise,all,var_975,6.629609999572652,6.629609999572652,662.9609999572651
full,l1,compromise,all,es_975,13.446404236550045,13.446404236550045,1344.6404236550045
full,l1,compromise,all,var_99,13.801018925699728,13.801018925699728,1380.1018925699727
full,l1,compromise,all,es_99,17.804743432975574,17.804743432975574,1780.4743432975574
full,l1,compromise,recalled,mean_loss,0.059479503935862814,0.059479503935862814,5.947950393586281
full,l1,compromise,recalled,mae,0.0698158639251551,0.0698158639251551,6.98158639251551
full,l1,compromise,recalled,loss_std,0.28335791453780035,0.28335791453780035,28.335791453780033
full,l1,compromise,recalled,rmse,0.28943848667655137,0.28943848667655137,28.94384866765514
full,l1,compromise,recalled,max_loss,1.1897879254202337,1.1897879254202337,118.97879254202337
full,l1,compromise,recalled,var_95,1.1897879254202337,1.1897879254202337,118.97879254202337
full,l1,compromise,recalled,es_95,1.1897879254202337,1.1897879254202337,118.97879254202337
full,l1,compromise,recalled,var_975,1.1897879254202337,1.1897879254202337,118.97879254202337
full,l1,compromise,recalled,es_975,1.1897879254202337,1.1897879254202337,118.97879254202337
full,l1,compromise,recalled,var_99,1.1897879254202337,1.1897879254202337,118.97879254202337
full,l1,compromise,recalled,es_99,1.1897879254202337,1.1897879254202337,118.97879254202337
full,l1,compromise,maturity,mean_loss,0.9801887266257548,0.9801887266257548,98.01887266257549
full,l1,compromise,maturity,mae,3.263560670831994,3.263560670831994,326.35606708319943
full,l1,compromise,maturity,loss_std,5.731957707361305,5.731957707361305,573.1957707361305
full,l1,compromise,maturity,rmse,5.809898963997345,5.809898963997345,580.9898963997344
full,l1,compromise,maturity,max_loss,23.319251542708813,23.319251542708813,2331.925154270881
full,l1,compromise,maturity,var_95,12.406561151245365,12.406561151245365,1240.6561151245364
full,l1,compromise,maturity,es_95,16.583618077490687,16.583618077490687,1658.361807749069
full,l1,compromise,maturity,var_975,16.64870471431191,16.64870471431191,1664.8704714311912
full,l1,compromise,maturity,es_975,19.08304087872875,19.08304087872875,1908.3040878728748
full,l1,compromise,maturity,var_99,18.998229804677834,18.998229804677834,1899.8229804677833
full,l1,compromise,maturity,es_99,20.767667109863428,20.767667109863428,2076.766710986343
full,l1,compromise,barrier_hit,mean_loss,-0.19708454330944503,-0.19708454330944503,-19.7084543309445
full,l1,compromise,barrier_hit,mae,7.2939060851270145,7.2939060851270145,729.3906085127014
full,l1,compromise,barrier_hit,loss_std,9.918449044110082,9.918449044110082,991.8449044110082
full,l1,compromise,barrier_hit,rmse,9.881594716299082,9.881594716299082,988.1594716299082
full,l1,compromise,barrier_hit,max_loss,23.319251542708813,23.319251542708813,2331.925154270881
full,l1,compromise,barrier_hit,var_95,16.906981521720315,16.906981521720315,1690.6981521720313
full,l1,compromise,barrier_hit,es_95,19.87037833269655,19.87037833269655,1987.037833269655
full,l1,compromise,barrier_hit,var_975,19.621754577935917,19.621754577935917,1962.1754577935917
full,l1,compromise,barrier_hit,es_975,21.22162184452208,21.22162184452208,2122.162184452208
full,l1,compromise,barrier_hit,var_99,21.255349327174365,21.25534932717436,2125.5349327174363
full,l1,compromise,barrier_hit,es_99,22.493178042592703,22.493178042592703,2249.3178042592704
full,l1,parsimony,all,mean_loss,0.3299387241219705,0.3299387241219705,32.99387241219705
full,l1,parsimony,all,mae,0.9884335924921837,0.9884335924921837,98.84335924921838
full,l1,parsimony,all,loss_std,3.166463746540916,3.1664637465409156,316.6463746540916
full,l1,parsimony,all,rmse,3.1828193435229855,3.1828193435229855,318.28193435229855
full,l1,parsimony,all,max_loss,31.353807346560757,31.353807346560757,3135.380734656076
full,l1,parsimony,all,var_95,1.3825672740984203,1.3825672740984203,138.25672740984203
full,l1,parsimony,all,es_95,3.0237106061444674,3.0237106061444674,302.3710606144467
full,l1,parsimony,all,var_975,6.910306290932715,6.910306290932715,691.0306290932714
full,l1,parsimony,all,es_975,13.809596202696707,13.809596202696707,1380.9596202696705
full,l1,parsimony,all,var_99,13.629951111084493,13.629951111084493,1362.9951111084492
full,l1,parsimony,all,es_99,19.144100557728613,19.144100557728613,1914.4100557728611
full,l1,parsimony,recalled,mean_loss,0.07218650758986568,0.07218650758986568,7.218650758986567
full,l1,parsimony,recalled,mae,0.0796969268880433,0.0796969268880433,7.969692688804331
full,l1,parsimony,recalled,loss_std,0.32213190247124535,0.32213190247124535,32.21319024712454
full,l1,parsimony,recalled,rmse,0.330013523329188,0.330013523329188,33.0013523329188
full,l1,parsimony,recalled,max_loss,1.3825672740984203,1.3825672740984203,138.25672740984203
full,l1,parsimony,recalled,var_95,1.3825672740984203,1.3825672740984203,138.25672740984203
full,l1,parsimony,recalled,es_95,1.3825672740984203,1.3825672740984203,138.25672740984203
full,l1,parsimony,recalled,var_975,1.3825672740984203,1.3825672740984203,138.25672740984203
full,l1,parsimony,recalled,es_975,1.3825672740984203,1.3825672740984203,138.25672740984203
full,l1,parsimony,recalled,var_99,1.3825672740984203,1.3825672740984203,138.25672740984203
full,l1,parsimony,recalled,es_99,1.3825672740984203,1.3825672740984203,138.25672740984203
full,l1,parsimony,maturity,mean_loss,1.032157518882621,1.032157518882621,103.2157518882621
full,l1,parsimony,maturity,mae,3.4641910259723643,3.4641910259723643,346.4191025972364
full,l1,parsimony,maturity,loss_std,6.036155322687678,6.036155322687679,603.6155322687679
full,l1,parsimony,maturity,rmse,6.118224476333108,6.118224476333108,611.8224476333108
full,l1,parsimony,maturity,max_loss,31.353807346560757,31.353807346560757,3135.380734656076
full,l1,parsimony,maturity,var_95,11.858973903752455,11.858973903752455,1185.8973903752455
full,l1,parsimony,maturity,es_95,17.58480876493215,17.58480876493215,1758.4808764932147
full,l1,parsimony,maturity,var_975,16.661244524576123,16.661244524576123,1666.1244524576123
full,l1,parsimony,maturity,es_975,20.67428782860237,20.67428782860237,2067.4287828602373
full,l1,parsimony,maturity,var_99,19.595339682324028,19.595339682324028,1959.5339682324027
full,l1,parsimony,maturity,es_99,24.377507942647526,24.377507942647526,2437.7507942647526
full,l1,parsimony,barrier_hit,mean_loss,-0.36667994836171813,-0.36667994836171813,-36.667994836171815
full,l1,parsimony,barrier_hit,mae,8.007249892484388,8.007249892484388,800.7249892484388
full,l1,parsimony,barrier_hit,loss_std,10.825902023825304,10.825902023825304,1082.5902023825304
full,l1,parsimony,barrier_hit,rmse,10.789762861432715,10.789762861432713,1078.9762861432716
full,l1,parsimony,barrier_hit,max_loss,31.353807346560757,31.353807346560757,3135.380734656076
full,l1,parsimony,barrier_hit,var_95,18.57832871128306,18.57832871128306,1857.832871128306
full,l1,parsimony,barrier_hit,es_95,23.54529147758665,23.54529147758665,2354.529147758665
full,l1,parsimony,barrier_hit,var_975,22.063685653984663,22.063685653984663,2206.368565398466
full,l1,parsimony,barrier_hit,es_975,26.18552642334613,26.18552642334613,2618.5526423346128
full,l1,parsimony,barrier_hit,var_99,25.990153638086852,25.990153638086852,2599.0153638086854
full,l1,parsimony,barrier_hit,es_99,28.881055761460033,28.881055761460033,2888.1055761460034
full,elastic_net,performance,all,mean_loss,-0.011811200580244964,-0.011811200580244964,-1.1811200580244965
full,elastic_net,performance,all,mae,0.8754746668724013,0.8754746668724013,87.54746668724012
full,elastic_net,performance,all,loss_std,3.0050178774328873,3.0050178774328873,300.50178774328873
full,elastic_net,performance,all,rmse,3.0042897466670144,3.0042897466670144,300.42897466670144
full,elastic_net,performance,all,max_loss,24.247274659057197,24.247274659057197,2424.72746590572
full,elastic_net,performance,all,var_95,1.489893476816067,1.489893476816067,148.98934768160672
full,elastic_net,performance,all,es_95,7.6770048300256875,7.6770048300256875,767.7004830025688
full,elastic_net,performance,all,var_975,5.571595347383328,5.571595347383328,557.1595347383328
full,elastic_net,performance,all,es_975,12.33256421349396,12.33256421349396,1233.256421349396
full,elastic_net,performance,all,var_99,13.00800997972629,13.00800997972629,1300.8009979726291
full,elastic_net,performance,all,es_99,16.921596190622076,16.921596190622076,1692.1596190622076
full,elastic_net,performance,recalled,mean_loss,-0.0529816605734767,-0.0529816605734767,-5.29816605734767
full,elastic_net,performance,recalled,mae,0.06321939380623552,0.06321939380623552,6.321939380623552
full,elastic_net,performance,recalled,loss_std,0.5739493751629692,0.5739493751629692,57.39493751629691
full,elastic_net,performance,recalled,rmse,0.5761942168995274,0.5761942168995274,57.619421689952745
full,elastic_net,performance,recalled,max_loss,0.694429144921088,0.694429144921088,69.4429144921088
full,elastic_net,performance,recalled,var_95,-0.00020882090345253346,-0.00020882090345253346,-0.020882090345253346
full,elastic_net,performance,recalled,es_95,0.006978742119740965,0.006978742119740965,0.6978742119740966
full,elastic_net,performance,recalled,var_975,0.0011642163745848642,0.0011642163745848642,0.11642163745848644
full,elastic_net,performance,recalled,es_975,0.2024027529665696,0.20240275296656962,20.24027529665696
full,elastic_net,performance,recalled,var_99,0.05268760358390948,0.05268760358390948,5.268760358390948
full,elastic_net,performance,recalled,es_99,0.4629733683931761,0.4629733683931761,46.297336839317616
full,elastic_net,performance,maturity,mean_loss,0.10035338595625046,0.10035338595625046,10.035338595625046
full,elastic_net,performance,maturity,mae,3.088378697590838,3.088378697590838,308.8378697590838
full,elastic_net,performance,maturity,loss_std,5.723803086681818,5.7238030866818175,572.3803086681818
full,elastic_net,performance,maturity,rmse,5.719351660097884,5.719351660097884,571.9351660097884
full,elastic_net,performance,maturity,max_loss,24.247274659057197,24.247274659057197,2424.72746590572
full,elastic_net,performance,maturity,var_95,11.2347493508259,11.2347493508259,1123.47493508259
full,elastic_net,performance,maturity,es_95,15.71897647841142,15.71897647841142,1571.897647841142
full,elastic_net,performance,maturity,var_975,14.876236010763531,14.87623601076353,1487.6236010763532
full,elastic_net,performance,maturity,es_975,18.224407315588252,18.224407315588252,1822.440731558825
full,elastic_net,performance,maturity,var_99,18.5669130770702,18.5669130770702,1856.69130770702
full,elastic_net,performance,maturity,es_99,20.4799324215824,20.4799324215824,2047.9932421582403
full,elastic_net,performance,barrier_hit,mean_loss,-0.8589448663712418,-0.8589448663712418,-85.89448663712417
full,elastic_net,performance,barrier_hit,mae,6.656658616742267,6.656658616742266,665.6658616742268
full,elastic_net,performance,barrier_hit,loss_std,9.061639386489608,9.061639386489608,906.1639386489608
full,elastic_net,performance,barrier_hit,rmse,9.066950117464998,9.066950117464998,906.6950117464999
full,elastic_net,performance,barrier_hit,max_loss,22.639073986987782,22.639073986987782,2263.9073986987783
full,elastic_net,performance,barrier_hit,var_95,13.255040665448158,13.255040665448156,1325.5040665448157
full,elastic_net,performance,barrier_hit,es_95,17.701360012864885,17.701360012864885,1770.1360012864886
full,elastic_net,performance,barrier_hit,var_975,16.91617757590777,16.91617757590777,1691.6177575907773
full,elastic_net,performance,barrier_hit,es_975,19.528380539249973,19.528380539249973,1952.8380539249972
full,elastic_net,performance,barrier_hit,var_99,19.542171221601453,19.542171221601453,1954.2171221601454
full,elastic_net,performance,barrier_hit,es_99,21.292753079805248,21.292753079805248,2129.2753079805248
full,elastic_net,compromise,all,mean_loss,0.13849499799804516,0.13849499799804516,13.849499799804516
full,elastic_net,compromise,all,mae,0.8362766207393577,0.8362766207393577,83.62766207393577
full,elastic_net,compromise,all,loss_std,2.688927176582494,2.688927176582494,268.8927176582494
full,elastic_net,compromise,all,rmse,2.6918200275564304,2.6918200275564304,269.18200275564305
full,elastic_net,compromise,all,max_loss,22.958017623513527,22.958017623513527,2295.801762351353
full,elastic_net,compromise,all,var_95,1.5499406270857679,1.5499406270857679,154.9940627085768
full,elastic_net,compromise,all,es_95,6.469211833696822,6.469211833696822,646.9211833696822
full,elastic_net,compromise,all,var_975,3.7865351120613364,3.7865351120613364,378.6535112061336
full,elastic_net,compromise,all,es_975,10.557115046243766,10.557115046243766,1055.7115046243766
full,elastic_net,compromise,all,var_99,12.011553797542438,12.011553797542438,1201.155379754244
full,elastic_net,compromise,all,es_99,14.637586031362286,14.637586031362286,1463.7586031362287
full,elastic_net,compromise,recalled,mean_loss,0.02951159522162222,0.02951159522162222,2.951159522162222
full,elastic_net,compromise,recalled,mae,0.0680672356603872,0.0680672356603872,6.806723566038719
full,elastic_net,compromise,recalled,loss_std,0.2765850458571791,0.2765850458571791,27.658504585717907
full,elastic_net,compromise,recalled,rmse,0.27806102300726226,0.27806102300726226,27.806102300726224
full,elastic_net,compromise,recalled,max_loss,0.9098711734220188,0.9098711734220188,90.98711734220188
full,elastic_net,compromise,recalled,var_95,0.8672626346501318,0.8672626346501318,86.72626346501318
full,elastic_net,compromise,recalled,es_95,0.8683055710049914,0.8683055710049914,86.83055710049914
full,elastic_net,compromise,recalled,var_975,0.8672626346501318,0.8672626346501318,86.72626346501318
full,elastic_net,compromise,recalled,es_975,0.8683055710049914,0.8683055710049914,86.83055710049914
full,elastic_net,compromise,recalled,var_99,0.8672626346501318,0.8672626346501318,86.72626346501318
full,elastic_net,compromise,recalled,es_99,0.8683055710049914,0.8683055710049914,86.83055710049914
full,elastic_net,compromise,maturity,mean_loss,0.435408812266028,0.435408812266028,43.54088122660281
full,elastic_net,compromise,maturity,mae,2.9291822638874647,2.9291822638874647,292.91822638874646
full,elastic_net,compromise,maturity,loss_std,5.161002787569179,5.161002787569179,516.1002787569179
full,elastic_net,compromise,maturity,rmse,5.174546280677164,5.174546280677164,517.4546280677164
full,elastic_net,compromise,maturity,max_loss,22.958017623513527,22.958017623513527,2295.801762351353
full,elastic_net,compromise,maturity,var_95,10.308799817503411,10.308799817503411,1030.8799817503411
full,elastic_net,compromise,maturity,es_95,13.723973032801453,13.723973032801453,1372.3973032801453
full,elastic_net,compromise,maturity,var_975,12.538591998564891,12.538591998564891,1253.859199856489
full,elastic_net,compromise,maturity,es_975,15.650951582750066,15.650951582750064,1565.0951582750067
full,elastic_net,compromise,maturity,var_99,15.54133780797514,15.54133780797514,1554.133780797514
full,elastic_net,compromise,maturity,es_99,18.09088841127454,18.09088841127454,1809.088841127454
full,elastic_net,compromise,barrier_hit,mean_loss,-2.2886209248685407,-2.2886209248685407,-228.8620924868541
full,elastic_net,compromise,barrier_hit,mae,6.460759542977081,6.460759542977081,646.0759542977081
full,elastic_net,compromise,barrier_hit,loss_std,8.500704768259029,8.500704768259029,850.0704768259029
full,elastic_net,compromise,barrier_hit,rmse,8.771272459793565,8.771272459793565,877.1272459793565
full,elastic_net,compromise,barrier_hit,max_loss,22.958017623513527,22.958017623513527,2295.801762351353
full,elastic_net,compromise,barrier_hit,var_95,10.565765283892857,10.565765283892857,1056.5765283892856
full,elastic_net,compromise,barrier_hit,es_95,15.229190567782515,15.229190567782517,1522.9190567782516
full,elastic_net,compromise,barrier_hit,var_975,12.853345609614058,12.853345609614058,1285.3345609614057
full,elastic_net,compromise,barrier_hit,es_975,18.11572437854346,18.11572437854346,1811.5724378543462
full,elastic_net,compromise,barrier_hit,var_99,18.650171330464282,18.650171330464282,1865.0171330464282
full,elastic_net,compromise,barrier_hit,es_99,21.015182170714013,21.015182170714017,2101.5182170714015
full,elastic_net,parsimony,all,mean_loss,0.18638062146772721,0.18638062146772721,18.63806214677272
full,elastic_net,parsimony,all,mae,1.5256342945140642,1.5256342945140642,152.56342945140642
full,elastic_net,parsimony,all,loss_std,4.144335110276563,4.144335110276563,414.43351102765627
full,elastic_net,parsimony,all,rmse,4.147488816811519,4.147488816811519,414.7488816811519
full,elastic_net,parsimony,all,max_loss,31.35031536465533,31.35031536465533,3135.031536465533
full,elastic_net,parsimony,all,var_95,3.0862916643225233,3.086291664322523,308.62916643225236
full,elastic_net,parsimony,all,es_95,6.293482264107711,6.293482264107711,629.3482264107711
full,elastic_net,parsimony,all,var_975,3.3461326694980924,3.3461326694980924,334.61326694980926
full,elastic_net,parsimony,all,es_975,9.392026472370848,9.392026472370848,939.2026472370848
full,elastic_net,parsimony,all,var_99,7.434524290550379,7.434524290550379,743.4524290550379
full,elastic_net,parsimony,all,es_99,14.733413377344183,14.733413377344185,1473.3413377344184
full,elastic_net,parsimony,recalled,mean_loss,0.16978472938956696,0.16978472938956696,16.978472938956696
full,elastic_net,parsimony,recalled,mae,0.17142357033691324,0.17142357033691324,17.142357033691322
full,elastic_net,parsimony,recalled,loss_std,0.6957102527978576,0.6957102527978576,69.57102527978576
full,elastic_net,parsimony,recalled,rmse,0.7158971814411001,0.7158971814411,71.58971814411001
full,elastic_net,parsimony,recalled,max_loss,3.066670583648289,3.066670583648289,306.6670583648289
full,elastic_net,parsimony,recalled,var_95,3.066670583648289,3.066670583648289,306.6670583648289
full,elastic_net,parsimony,recalled,es_95,3.066670583648289,3.066670583648289,306.6670583648289
full,elastic_net,parsimony,recalled,var_975,3.066670583648289,3.066670583648289,306.6670583648289
full,elastic_net,parsimony,recalled,es_975,3.066670583648289,3.066670583648289,306.6670583648289
full,elastic_net,parsimony,recalled,var_99,3.066670583648289,3.066670583648289,306.6670583648289
full,elastic_net,parsimony,recalled,es_99,3.066670583648289,3.066670583648289,306.6670583648289
full,elastic_net,parsimony,maturity,mean_loss,0.23159438331195148,0.23159438331195148,23.159438331195147
full,elastic_net,parsimony,maturity,mae,5.21503893040079,5.21503893040079,521.503893040079
full,elastic_net,parsimony,maturity,loss_std,7.920397355072687,7.920397355072687,792.0397355072688
full,elastic_net,parsimony,maturity,rmse,7.916407617152988,7.916407617152988,791.6407617152987
full,elastic_net,parsimony,maturity,max_loss,31.35031536465533,31.35031536465533,3135.031536465533
full,elastic_net,parsimony,maturity,var_95,6.990441859757413,6.990441859757413,699.0441859757412
full,elastic_net,parsimony,maturity,es_95,12.780288915637383,12.780288915637383,1278.0288915637384
full,elastic_net,parsimony,maturity,var_975,9.04492375903372,9.04492375903372,904.492375903372
full,elastic_net,parsimony,maturity,es_975,17.62907968130212,17.62907968130212,1762.9079681302119
full,elastic_net,parsimony,maturity,var_99,18.85020616511805,18.85020616511805,1885.020616511805
full,elastic_net,parsimony,maturity,es_99,24.31526159544181,24.31526159544181,2431.526159544181
full,elastic_net,parsimony,barrier_hit,mean_loss,-7.6298782664530185,-7.6298782664530185,-762.9878266453019
full,elastic_net,parsimony,barrier_hit,mae,12.815801141713635,12.815801141713635,1281.5801141713634
full,elastic_net,parsimony,barrier_hit,loss_std,13.256322178935378,13.256322178935378,1325.632217893538
full,elastic_net,parsimony,barrier_hit,rmse,15.250318975041248,15.250318975041248,1525.0318975041248
full,elastic_net,parsimony,barrier_hit,max_loss,31.35031536465533,31.35031536465533,3135.031536465533
full,elastic_net,parsimony,barrier_hit,var_95,17.343838234152766,17.343838234152766,1734.3838234152768
full,elastic_net,parsimony,barrier_hit,es_95,23.405451540952892,23.40545154095289,2340.545154095289
full,elastic_net,parsimony,barrier_hit,var_975,22.064225631743,22.064225631743003,2206.4225631743
full,elastic_net,parsimony,barrier_hit,es_975,26.184050421272584,26.18405042127258,2618.4050421272586
full,elastic_net,parsimony,barrier_hit,var_99,25.98775028529064,25.98775028529064,2598.775028529064
full,elastic_net,parsimony,barrier_hit,es_99,28.877563779554606,28.877563779554606,2887.7563779554603
