Famille,Pénalité,Profil,Écart IS − MC (point de nominal),Largeur IC Monte-Carlo,Largeur IC importance sampling,Variation de largeur (IS − MC),Intervalles compatibles
calls_puts,l0,performance,-0.9317866389957494,4.644275775979356,3.5052630611137072,-1.1390127148656486,True
calls_puts,l0,compromise,-0.9317866389957494,5.335561383996589,4.055248771441313,-1.2803126125552762,True
calls_puts,l0,parsimony,-0.9317866389957494,5.439579184769171,3.9663427208062263,-1.4732364639629445,True
calls_puts,l1,performance,-1.1731209790134205,5.907016515607797,2.57873392674305,-3.328282588864747,True
calls_puts,l1,compromise,-1.1731209790134205,5.30075651532745,2.1878553991695977,-3.112901116157852,True
calls_puts,l1,parsimony,-1.1731209790134205,4.904872659319103,2.518872810900117,-2.3859998484189866,True
calls_puts,l2,performance,1.1456506299078075,4.25564839355199,4.35672578615468,0.10107739260269,True
calls_puts,l2,compromise,1.1456506299078075,5.0425874168003615,4.6751591553002845,-0.367428261500077,True
calls_puts,l2,parsimony,1.1455032643090473,4.102647225253734,3.832100255308476,-0.27054696994525784,True
calls_puts,elastic_net,performance,0.44059930655068946,2.5903435750860595,2.1975104239353573,-0.39283315115070216,True
calls_puts,elastic_net,compromise,0.44059930655068946,2.1988625694366775,2.1508365007580146,-0.04802606867866288,True
calls_puts,elastic_net,parsimony,0.44059930655068946,3.1051323465292775,2.2776624125823837,-0.8274699339468938,True
full,l0,parsimony,-0.19065143391146222,5.013986207397165,4.141083056403838,-0.8729031509933272,True
full,l1,performance,-0.22913760667104555,4.176518306753133,2.6692178824413624,-1.5073004243117705,True
full,l1,compromise,0.24127453515470343,3.9247249212680444,3.1382217798727243,-0.7865031413953201,True
full,l1,parsimony,0.7545574841921603,4.33876214183627,3.8094421090743804,-0.5293200327618894,True
full,elastic_net,performance,-0.18136571148075653,3.9914268231371395,2.8572925417880715,-1.134134281349068,True
full,elastic_net,compromise,1.045861818753755,4.898011186853286,3.0831714659298015,-1.8148397209234846,True
full,elastic_net,parsimony,1.2335960426585793,4.021805614123674,4.326297655961836,0.30449204183816203,True
