family,penalty,profile,standard_residual_rmse,standard_residual_es_95,standard_residual_es_975,standard_residual_es_99,standard_under_replication_rate,importance_residual_rmse,importance_residual_es_95,importance_residual_es_975,importance_residual_es_99,importance_under_replication_rate,difference_residual_rmse,relative_difference_residual_rmse,difference_residual_es_95,relative_difference_residual_es_95,difference_residual_es_975,relative_difference_residual_es_975,difference_residual_es_99,relative_difference_residual_es_99,difference_under_replication_rate,relative_difference_under_replication_rate
calls_puts,elastic_net,compromise,2.614266218862829,6.730837792416075,10.021124868794823,13.521724479904108,0.375,2.5789665728917015,7.0783563813318615,10.461724175345513,13.764874257100063,0.39184798674099663,-0.03529964597112745,-0.013502697512758408,0.34751858891578635,0.051630807283359365,0.44059930655068946,0.043967050837046155,0.24314977719595454,0.01798215734666995,0.016847986740996634,0.04492796464265769
calls_puts,elastic_net,parsimony,2.614266218862829,6.730837792416075,10.021124868794823,13.521724479904108,0.375,2.5789665728917015,7.0783563813318615,10.461724175345513,13.764874257100063,0.39184798674099663,-0.03529964597112745,-0.013502697512758408,0.34751858891578635,0.051630807283359365,0.44059930655068946,0.043967050837046155,0.24314977719595454,0.01798215734666995,0.016847986740996634,0.04492796464265769
calls_puts,elastic_net,performance,2.614266218862829,6.730837792416075,10.021124868794823,13.521724479904108,0.375,2.5789665728917015,7.0783563813318615,10.461724175345513,13.764874257100063,0.39184798674099663,-0.03529964597112745,-0.013502697512758408,0.34751858891578635,0.051630807283359365,0.44059930655068946,0.043967050837046155,0.24314977719595454,0.01798215734666995,0.016847986740996634,0.04492796464265769
calls_puts,l0,compromise,3.709649462277771,12.077765582148986,18.36855209818362,24.367937963829437,0.3645,3.4791173332473218,11.493965314983562,17.43676545918787,23.4089991203288,0.3813270420847249,-0.23053212903044917,-0.06214391181017399,-0.5838002671654241,-0.048336777460582986,-0.9317866389957494,-0.05072727746940323,-0.9589388435006363,-0.039352482139606466,0.016827042084724908,0.04616472451227684
calls_puts,l0,parsimony,3.709649462277771,12.077765582148986,18.36855209818362,24.367937963829437,0.3645,3.4791173332473218,11.493965314983562,17.43676545918787,23.4089991203288,0.3813270420847249,-0.23053212903044917,-0.06214391181017399,-0.5838002671654241,-0.048336777460582986,-0.9317866389957494,-0.05072727746940323,-0.9589388435006363,-0.039352482139606466,0.016827042084724908,0.04616472451227684
calls_puts,l0,performance,3.709649462277771,12.077765582148986,18.36855209818362,24.367937963829437,0.3645,3.4791173332473218,11.493965314983562,17.43676545918787,23.4089991203288,0.3813270420847249,-0.23053212903044917,-0.06214391181017399,-0.5838002671654241,-0.048336777460582986,-0.9317866389957494,-0.05072727746940323,-0.9589388435006363,-0.039352482139606466,0.016827042084724908,0.04616472451227684
calls_puts,l1,compromise,2.9531227025566347,8.626064641132272,13.623558720670337,19.193376029014296,0.4225,2.7332662481508443,8.049912440534246,12.450437741656916,18.151355000029678,0.4456394109619189,-0.21985645440579038,-0.07444880438440706,-0.5761522005980257,-0.06679201055956833,-1.1731209790134205,-0.08610973116983768,-1.0420210289846175,-0.05429065878818881,0.023139410961918905,0.054767836596257766
calls_puts,l1,parsimony,2.9531227025566347,8.626064641132272,13.623558720670337,19.193376029014296,0.4225,2.7332662481508443,8.049912440534246,12.450437741656916,18.151355000029678,0.4456394109619189,-0.21985645440579038,-0.07444880438440706,-0.5761522005980257,-0.06679201055956833,-1.1731209790134205,-0.08610973116983768,-1.0420210289846175,-0.05429065878818881,0.023139410961918905,0.054767836596257766
calls_puts,l1,performance,2.9531227025566347,8.626064641132272,13.623558720670337,19.193376029014296,0.4225,2.7332662481508443,8.049912440534246,12.450437741656916,18.151355000029678,0.4456394109619189,-0.21985645440579038,-0.07444880438440706,-0.5761522005980257,-0.06679201055956833,-1.1731209790134205,-0.08610973116983768,-1.0420210289846175,-0.05429065878818881,0.023139410961918905,0.054767836596257766
calls_puts,l2,compromise,5.831716200493919,6.543654863017759,8.552201399900403,14.412443932698153,0.263,5.31141709788011,7.1194774556992515,9.69785202980821,16.72426443829226,0.2538414809041767,-0.5202991026138095,-0.08921886537786983,0.5758225926814928,0.08799709103483169,1.1456506299078075,0.1339597346153646,2.311820505594106,0.16040447521528087,-0.009158519095823325,-0.03482326652404306
calls_puts,l2,parsimony,5.838350459665266,6.540002476990384,8.54924172287371,14.415212795052662,0.263,5.3166155353335975,7.114305472053484,9.694744987182757,16.72790503324146,0.2538414809041767,-0.5217349243316685,-0.08936341316543396,0.5743029950630998,0.08781388035916858,1.1455032643090473,0.13398887310019844,2.312692238188797,0.16043413795337927,-0.009158519095823325,-0.03482326652404306
calls_puts,l2,performance,5.831716200493919,6.543654863017759,8.552201399900403,14.412443932698153,0.263,5.31141709788011,7.1194774556992515,9.69785202980821,16.72426443829226,0.2538414809041767,-0.5202991026138095,-0.08921886537786983,0.5758225926814928,0.08799709103483169,1.1456506299078075,0.1339597346153646,2.311820505594106,0.16040447521528087,-0.009158519095823325,-0.03482326652404306
full,elastic_net,compromise,2.6918200275564304,6.469211833696822,10.557115046243766,14.637586031362286,0.3555,2.691981887118513,7.173554245386781,11.60297686499752,15.184941514037316,0.37345855826545493,0.00016185956208270014,6.013015744950541e-05,0.704342411689959,0.10887607792052521,1.045861818753755,0.09906700970601565,0.5473554826750302,0.03739383539760409,0.01795855826545495,0.05051633829945134
full,elastic_net,parsimony,4.147488816811519,6.293482264107711,9.392026472370848,14.733413377344183,0.4415,3.9405728364874744,6.990534574096264,10.625622515029427,16.697828655251147,0.4606954203498931,-0.20691598032404457,-0.04988946069856221,0.6970523099885533,0.11075780954590189,1.2335960426585793,0.1313450346724992,1.964415277906964,0.1333306293385943,0.019195420349893078,0.043477735786847285
full,elastic_net,performance,3.0042897466670144,7.6770048300256875,12.33256421349396,16.921596190622076,0.1635,2.900152597656867,7.8702509872632165,12.151198502013203,16.491757936653407,0.157620330616336,-0.10413714901014748,-0.034662818100577066,0.19324615723752903,0.025172077068614067,-0.18136571148075653,-0.014706245055047923,-0.4298382539686685,-0.02540175578748796,-0.0058796693836639935,-0.03596128063403054
full,l0,parsimony,3.5596972385139827,11.13453525339648,17.432808396770135,22.52612264036178,0.3555,3.4243075576049886,10.939202216199764,17.242156962858672,22.405596386371187,0.37032876202218107,-0.13538968090899406,-0.03803404386309924,-0.19533303719671657,-0.017542989693901428,-0.19065143391146222,-0.01093635801944483,-0.1205262539905938,-0.0053505104236020486,0.014828762022181086,0.04171241075156424
full,l1,compromise,3.0206752176998255,2.9062619881768375,13.446404236550045,17.804743432975574,0.79,2.9371344432679605,3.007882066265939,13.687678771704748,17.97252650774927,0.7720286189554821,-0.08354077443186503,-0.027656324633099548,0.10162007808910145,0.034965904141646215,0.24127453515470343,0.017943424198037308,0.1677830747736948,0.009423504214216833,-0.017971381044517898,-0.022748583600655566
full,l1,parsimony,3.1828193435229855,3.0237106061444674,13.809596202696707,19.144100557728613,0.9145,3.1545168393306984,3.1686271694384627,14.564153686888867,19.776085308821937,0.9223323435510297,-0.02830250419228708,-0.00889227478458131,0.14491656329399527,0.04792673048786846,0.7545574841921603,0.054640083107195564,0.6319847510933236,0.033011984511238206,0.007832343551029686,0.008564618426495009
full,l1,performance,2.9759731271084333,5.88643956018191,13.621459300680051,18.098792723125598,0.728,2.861996050324073,8.24375744579705,13.392321694009006,18.158886078558524,0.7053075895885619,-0.11397707678436042,-0.038299094755302715,2.3573178856151396,0.4004658268405445,-0.22913760667104555,-0.01682181046927959,0.06009335543292593,0.0033202963508246652,-0.022692410411438102,-0.031170893422305085
