family,penalty,profile,standard_es_975_pct_notional,standard_ci_low,standard_ci_high,importance_es_975_pct_notional,importance_ci_low,importance_ci_high,confidence_intervals_overlap,is_minus_mc_pct_notional,standard_ci_width,importance_ci_width,ci_width_change
calls_puts,l0,performance,18.36855209818362,15.598677303132408,20.242953079111764,17.43676545918787,15.709324516041532,19.21458757715524,True,-0.9317866389957494,4.644275775979356,3.5052630611137072,-1.1390127148656486
calls_puts,l0,compromise,18.36855209818362,15.584374780803104,20.919936164799694,17.43676545918787,14.922781211157268,18.97802998259858,True,-0.9317866389957494,5.335561383996589,4.055248771441313,-1.2803126125552762
calls_puts,l0,parsimony,18.36855209818362,15.416334314694433,20.855913499463604,17.43676545918787,15.465128249935981,19.431470970742208,True,-0.9317866389957494,5.439579184769171,3.9663427208062263,-1.4732364639629445
calls_puts,l1,performance,13.623558720670337,10.340354574596816,16.247371090204613,12.450437741656916,11.252823873856103,13.831557800599153,True,-1.1731209790134205,5.907016515607797,2.57873392674305,-3.328282588864747
calls_puts,l1,compromise,13.623558720670337,10.753274205009088,16.054030720336538,12.450437741656916,11.44455037953492,13.632405778704518,True,-1.1731209790134205,5.30075651532745,2.1878553991695977,-3.112901116157852
calls_puts,l1,parsimony,13.623558720670337,10.886532332636891,15.791404991955995,12.450437741656916,10.985905933380378,13.504778744280495,True,-1.1731209790134205,4.904872659319103,2.518872810900117,-2.3859998484189866
calls_puts,l2,performance,8.552201399900403,6.814824889358022,11.070473282910012,9.69785202980821,7.343303203214198,11.700028989368878,True,1.1456506299078075,4.25564839355199,4.35672578615468,0.10107739260269
calls_puts,l2,compromise,8.552201399900403,6.287412324011279,11.32999974081164,9.69785202980821,7.479436483003927,12.154595638304212,True,1.1456506299078075,5.0425874168003615,4.6751591553002845,-0.367428261500077
calls_puts,l2,parsimony,8.54924172287371,6.590241375705083,10.692888600958817,9.694744987182757,7.661374463937711,11.493474719246187,True,1.1455032643090473,4.102647225253734,3.832100255308476,-0.27054696994525784
calls_puts,elastic_net,performance,10.021124868794823,8.491758461628692,11.082102036714751,10.461724175345513,9.241456920335594,11.438967344270951,True,0.44059930655068946,2.5903435750860595,2.1975104239353573,-0.39283315115070216
calls_puts,elastic_net,compromise,10.021124868794823,8.909987830713066,11.108850400149743,10.461724175345513,9.117707975596648,11.268544476354663,True,0.44059930655068946,2.1988625694366775,2.1508365007580146,-0.04802606867866288
calls_puts,elastic_net,parsimony,10.021124868794823,8.178662286120082,11.283794632649359,10.461724175345513,9.100847292954763,11.378509705537146,True,0.44059930655068946,3.1051323465292775,2.2776624125823837,-0.8274699339468938
full,l0,parsimony,17.432808396770135,14.291448468441347,19.305434675838512,17.242156962858672,15.025468857220387,19.166551913624225,True,-0.19065143391146222,5.013986207397165,4.141083056403838,-0.8729031509933272
full,l1,performance,13.621459300680051,11.219773066977853,15.396291373730985,13.392321694009006,12.115146524338845,14.784364406780208,True,-0.22913760667104555,4.176518306753133,2.6692178824413624,-1.5073004243117705
full,l1,compromise,13.446404236550045,11.311614414640308,15.236339335908353,13.687678771704748,12.184761901467388,15.322983681340112,True,0.24127453515470343,3.9247249212680444,3.1382217798727243,-0.7865031413953201
full,l1,parsimony,13.809596202696707,11.484448073418335,15.823210215254605,14.564153686888867,12.628880596570825,16.438322705645206,True,0.7545574841921603,4.33876214183627,3.8094421090743804,-0.5293200327618894
full,elastic_net,performance,12.33256421349396,10.276477964887697,14.267904788024836,12.151198502013203,10.633579759368518,13.490872301156589,True,-0.18136571148075653,3.9914268231371395,2.8572925417880715,-1.134134281349068
full,elastic_net,compromise,10.557115046243766,7.595369778050878,12.493380964904164,11.60297686499752,9.988950402429904,13.072121868359705,True,1.045861818753755,4.898011186853286,3.0831714659298015,-1.8148397209234846
full,elastic_net,parsimony,9.392026472370848,7.440280411427678,11.462086025551352,10.625622515029427,8.232703574347815,12.55900123030965,True,1.2335960426585793,4.021805614123674,4.326297655961836,0.30449204183816203
