family,penalty,n_options_active,test_rmse,test_mae,max_abs_weight,top_5_concentration
Calls + Puts,l0,178,3.4205591639982194,2.102098249486742,1.1699144579104244,0.37254892214372765
Full (avec binaires),l0,311,3.8316898823340884,2.269345129653582,2.0529508567428176,0.2751576021091987
Calls + Puts,l1,306,15.987231984455816,7.278235264585123,28.707162096365067,0.5468301538418179
Full (avec binaires),l1,612,3.999845424583134,2.3987845303912407,1.8980455695991596,0.055661949350583086
Calls + Puts,l2,306,3.5415320333519045,1.7811663876113917,1.2860847353182385,0.37023287716952946
Full (avec binaires),l2,612,3.624265440188163,2.0003926703560215,1.4680484538459186,0.16550699353518453
Calls + Puts,elastic_net,309,4.290789257066314,2.702360112703631,1.6846622285388109,0.2652791109291146
Full (avec binaires),elastic_net,612,3.999811724199168,2.3987327965637095,1.8980472207123447,0.055661953348513635
Calls + Puts,l1_2,306,15.987248910770392,7.278272543279227,28.7071644031634,0.5468309455279189
Full (avec binaires),l1_2,612,4.000130618540117,2.3992415710944193,1.898033064518616,0.05566233544068449
