penalty,profile,condition,n_observations,condition_frequency,quantile_reliability,mean_replication_error,mae_replication_error,under_replication_rate,gross_rmse,residual_rmse,rmse_reduction,rmse_relative_reduction,rmse_relative_reduction_is_valid,gross_max_loss,residual_max_loss,max_loss_reduction,max_loss_relative_reduction,max_loss_relative_reduction_is_valid,gross_var_95,residual_var_95,var_95_reduction,var_95_relative_reduction,var_95_relative_reduction_is_valid,gross_es_95,residual_es_95,es_95_reduction,es_95_relative_reduction,es_95_relative_reduction_is_valid,gross_var_975,residual_var_975,var_975_reduction,var_975_relative_reduction,var_975_relative_reduction_is_valid,gross_es_975,residual_es_975,es_975_reduction,es_975_relative_reduction,es_975_relative_reduction_is_valid,gross_var_99,residual_var_99,var_99_reduction,var_99_relative_reduction,var_99_relative_reduction_is_valid,gross_es_99,residual_es_99,es_99_reduction,es_99_relative_reduction,es_99_relative_reduction_is_valid,family
l0,performance,all,2000.0,1.0,sufficient,0.4123861716573352,1.0159429052560838,0.3645,7.693085544322654,3.709649462277771,3.9834360820448826,0.5177943309085625,True,4.3917956876061055,37.91254398150705,-33.520748293900944,-7.632583726173415,True,4.3917956876061055,2.8845585603082955,1.50723712729781,0.34319381740624183,True,4.3917956876061055,12.077765582148986,-7.685969894542881,-1.7500745574829721,True,4.3917956876061055,9.853581952231483,-5.461786264625378,-1.2436339604865603,True,4.3917956876061055,18.36855209818362,-13.976756410577515,-3.182469633098076,True,4.3917956876061055,19.399966017690907,-15.008170330084802,-3.4173197930037373,True,4.3917956876061055,24.367937963829437,-19.97614227622333,-4.548513568742992,True,calls_puts
l0,compromise,all,2000.0,1.0,sufficient,0.4123861716573352,1.0159429052560838,0.3645,7.693085544322654,3.709649462277771,3.9834360820448826,0.5177943309085625,True,4.3917956876061055,37.91254398150705,-33.520748293900944,-7.632583726173415,True,4.3917956876061055,2.8845585603082955,1.50723712729781,0.34319381740624183,True,4.3917956876061055,12.077765582148986,-7.685969894542881,-1.7500745574829721,True,4.3917956876061055,9.853581952231483,-5.461786264625378,-1.2436339604865603,True,4.3917956876061055,18.36855209818362,-13.976756410577515,-3.182469633098076,True,4.3917956876061055,19.399966017690907,-15.008170330084802,-3.4173197930037373,True,4.3917956876061055,24.367937963829437,-19.97614227622333,-4.548513568742992,True,calls_puts
l0,parsimony,all,2000.0,1.0,sufficient,0.4123861716573352,1.0159429052560838,0.3645,7.693085544322654,3.709649462277771,3.9834360820448826,0.5177943309085625,True,4.3917956876061055,37.91254398150705,-33.520748293900944,-7.632583726173415,True,4.3917956876061055,2.8845585603082955,1.50723712729781,0.34319381740624183,True,4.3917956876061055,12.077765582148986,-7.685969894542881,-1.7500745574829721,True,4.3917956876061055,9.853581952231483,-5.461786264625378,-1.2436339604865603,True,4.3917956876061055,18.36855209818362,-13.976756410577515,-3.182469633098076,True,4.3917956876061055,19.399966017690907,-15.008170330084802,-3.4173197930037373,True,4.3917956876061055,24.367937963829437,-19.97614227622333,-4.548513568742992,True,calls_puts
l1,performance,all,2000.0,1.0,sufficient,0.30839144273911645,0.8334650167124076,0.4225,7.693085544322654,2.9531227025566347,4.739962841766019,0.6161328656047532,True,4.3917956876061055,32.44277566076628,-28.050979973160175,-6.387132273097681,True,4.3917956876061055,1.537835106715367,2.8539605808907385,0.649839105435796,True,4.3917956876061055,8.626064641132272,-4.234268953526167,-0.9641315886974232,True,4.3917956876061055,5.985166364464465,-1.5933706768583598,-0.3628061936840417,True,4.3917956876061055,13.623558720670337,-9.231763033064231,-2.1020474743660746,True,4.3917956876061055,13.473917067346747,-9.082121379740641,-2.067974474625698,True,4.3917956876061055,19.193376029014296,-14.80158034140819,-3.3702798113261694,True,calls_puts
l1,compromise,all,2000.0,1.0,sufficient,0.30839144273911645,0.8334650167124076,0.4225,7.693085544322654,2.9531227025566347,4.739962841766019,0.6161328656047532,True,4.3917956876061055,32.44277566076628,-28.050979973160175,-6.387132273097681,True,4.3917956876061055,1.537835106715367,2.8539605808907385,0.649839105435796,True,4.3917956876061055,8.626064641132272,-4.234268953526167,-0.9641315886974232,True,4.3917956876061055,5.985166364464465,-1.5933706768583598,-0.3628061936840417,True,4.3917956876061055,13.623558720670337,-9.231763033064231,-2.1020474743660746,True,4.3917956876061055,13.473917067346747,-9.082121379740641,-2.067974474625698,True,4.3917956876061055,19.193376029014296,-14.80158034140819,-3.3702798113261694,True,calls_puts
l1,parsimony,all,2000.0,1.0,sufficient,0.30839144273911645,0.8334650167124076,0.4225,7.693085544322654,2.9531227025566347,4.739962841766019,0.6161328656047532,True,4.3917956876061055,32.44277566076628,-28.050979973160175,-6.387132273097681,True,4.3917956876061055,1.537835106715367,2.8539605808907385,0.649839105435796,True,4.3917956876061055,8.626064641132272,-4.234268953526167,-0.9641315886974232,True,4.3917956876061055,5.985166364464465,-1.5933706768583598,-0.3628061936840417,True,4.3917956876061055,13.623558720670337,-9.231763033064231,-2.1020474743660746,True,4.3917956876061055,13.473917067346747,-9.082121379740641,-2.067974474625698,True,4.3917956876061055,19.193376029014296,-14.80158034140819,-3.3702798113261694,True,calls_puts
l2,performance,all,2000.0,1.0,sufficient,0.1376301393322329,2.0652851727974078,0.263,7.693085544322654,5.831716200493919,1.8613693438287342,0.24195354817058914,True,4.3917956876061055,31.338390882597096,-26.94659519499099,-6.1356668460319765,True,4.3917956876061055,4.5330559774022685,-0.141260289796163,-0.03216458593345029,True,4.3917956876061055,6.543654863017759,-2.151859175411653,-0.4899725143144343,True,4.3917956876061055,4.538128421038994,-0.14633273343288877,-0.03331956763058172,True,4.3917956876061055,8.552201399900403,-4.160405712294297,-0.9473131284397396,True,4.3917956876061055,6.0128363896557975,-1.621040702049692,-0.36910658358364895,True,4.3917956876061055,14.412443932698153,-10.020648245092048,-2.2816745035227575,True,calls_puts
l2,compromise,all,2000.0,1.0,sufficient,0.1376301393322329,2.0652851727974078,0.263,7.693085544322654,5.831716200493919,1.8613693438287342,0.24195354817058914,True,4.3917956876061055,31.338390882597096,-26.94659519499099,-6.1356668460319765,True,4.3917956876061055,4.5330559774022685,-0.141260289796163,-0.03216458593345029,True,4.3917956876061055,6.543654863017759,-2.151859175411653,-0.4899725143144343,True,4.3917956876061055,4.538128421038994,-0.14633273343288877,-0.03331956763058172,True,4.3917956876061055,8.552201399900403,-4.160405712294297,-0.9473131284397396,True,4.3917956876061055,6.0128363896557975,-1.621040702049692,-0.36910658358364895,True,4.3917956876061055,14.412443932698153,-10.020648245092048,-2.2816745035227575,True,calls_puts
l2,parsimony,all,2000.0,1.0,sufficient,0.13562596661820797,2.0658970969317316,0.263,7.693085544322654,5.838350459665266,1.8547350846573876,0.24109118168147053,True,4.3917956876061055,31.349288073287582,-26.957492385681476,-6.1381481068796155,True,4.3917956876061055,4.529610714823265,-0.13781502721715988,-0.03138010896228202,True,4.3917956876061055,6.540002476990384,-2.148206789384279,-0.48914087589425875,True,4.3917956876061055,4.532463803593568,-0.1406681159874621,-0.032029749558804714,True,4.3917956876061055,8.54924172287371,-4.157446035267604,-0.9466392179855158,True,4.3917956876061055,6.002518600012502,-1.6107229124063966,-0.3667572507874051,True,4.3917956876061055,14.415212795052662,-10.023417107446557,-2.282304965992203,True,calls_puts
elastic_net,performance,all,2000.0,1.0,sufficient,0.22774131909833603,0.8355135247585735,0.375,7.693085544322654,2.614266218862829,5.078819325459825,0.6601797544299886,True,4.3917956876061055,17.988523399203913,-13.596727711597808,-3.0959381261675123,True,4.3917956876061055,2.125484866859312,2.2663108207467935,0.516032844410875,True,4.3917956876061055,6.730837792416075,-2.3390421048099697,-0.532593561082743,True,4.3917956876061055,5.232212494047391,-0.8404168064412856,-0.19136063383207672,True,4.3917956876061055,10.021124868794823,-5.629329181188718,-1.281783029450801,True,4.3917956876061055,10.107973708366018,-5.716178020759912,-1.3015582753294486,True,4.3917956876061055,13.521724479904108,-9.129928792298003,-2.078860093164893,True,calls_puts
elastic_net,compromise,all,2000.0,1.0,sufficient,0.22774131909833603,0.8355135247585735,0.375,7.693085544322654,2.614266218862829,5.078819325459825,0.6601797544299886,True,4.3917956876061055,17.988523399203913,-13.596727711597808,-3.0959381261675123,True,4.3917956876061055,2.125484866859312,2.2663108207467935,0.516032844410875,True,4.3917956876061055,6.730837792416075,-2.3390421048099697,-0.532593561082743,True,4.3917956876061055,5.232212494047391,-0.8404168064412856,-0.19136063383207672,True,4.3917956876061055,10.021124868794823,-5.629329181188718,-1.281783029450801,True,4.3917956876061055,10.107973708366018,-5.716178020759912,-1.3015582753294486,True,4.3917956876061055,13.521724479904108,-9.129928792298003,-2.078860093164893,True,calls_puts
elastic_net,parsimony,all,2000.0,1.0,sufficient,0.22774131909833603,0.8355135247585735,0.375,7.693085544322654,2.614266218862829,5.078819325459825,0.6601797544299886,True,4.3917956876061055,17.988523399203913,-13.596727711597808,-3.0959381261675123,True,4.3917956876061055,2.125484866859312,2.2663108207467935,0.516032844410875,True,4.3917956876061055,6.730837792416075,-2.3390421048099697,-0.532593561082743,True,4.3917956876061055,5.232212494047391,-0.8404168064412856,-0.19136063383207672,True,4.3917956876061055,10.021124868794823,-5.629329181188718,-1.281783029450801,True,4.3917956876061055,10.107973708366018,-5.716178020759912,-1.3015582753294486,True,4.3917956876061055,13.521724479904108,-9.129928792298003,-2.078860093164893,True,calls_puts
l0,parsimony,all,2000.0,1.0,sufficient,0.352520427573898,0.9886363677892613,0.3555,7.693085544322654,3.5596972385139827,4.133388305808671,0.5372861489703609,True,4.3917956876061055,31.432659189234215,-27.04086350162811,-6.1571314844948155,True,4.3917956876061055,1.0191417871004762,3.3726539005056293,0.767944171452112,True,4.3917956876061055,11.13453525339648,-6.742739565790375,-1.5353035626904878,True,4.3917956876061055,9.912165000423926,-5.52036931281782,-1.2569731621160367,True,4.3917956876061055,17.432808396770135,-13.041012709164029,-2.9694033231023247,True,4.3917956876061055,18.03067690371276,-13.638881216106654,-3.1055363651356425,True,4.3917956876061055,22.52612264036178,-18.134326952755675,-4.1291372009703835,True,full
l1,performance,all,2000.0,1.0,sufficient,0.1996693333016245,0.8847449846777791,0.728,7.693085544322654,2.9759731271084333,4.717112417214221,0.6131626107674517,True,4.3917956876061055,25.623089220225133,-21.231293532619027,-4.8343081151372616,True,4.3917956876061055,0.9098837564691991,3.4819119311369064,0.7928219295271539,True,4.3917956876061055,5.88643956018191,-1.4946438725758044,-0.34032636736580746,True,4.3917956876061055,6.616014159523328,-2.224218471917222,-0.5064485304255141,True,4.3917956876061055,13.621459300680051,-9.229663613073946,-2.101569442112386,True,4.3917956876061055,14.037876502378163,-9.646080814772057,-2.1963865126954425,True,4.3917956876061055,18.098792723125598,-13.706997035519493,-3.1210461529896323,True,full
l1,compromise,all,2000.0,1.0,sufficient,0.3066899302280988,0.9273363445796413,0.79,7.693085544322654,3.0206752176998255,4.672410326622828,0.6073519265713839,True,4.3917956876061055,23.319251542708813,-18.927455855102707,-4.30973050693525,True,4.3917956876061055,1.1897879254202337,3.202007762185872,0.7290885072869209,True,4.3917956876061055,2.9062619881768375,1.485533699429268,0.33825200557975127,True,4.3917956876061055,6.629609999572652,-2.237814311966546,-0.5095442664333826,True,4.3917956876061055,13.446404236550045,-9.05460854894394,-2.061709877464599,True,4.3917956876061055,13.801018925699728,-9.409223238093622,-2.1424546830916973,True,4.3917956876061055,17.804743432975574,-13.412947745369468,-3.05409192490934,True,full
l1,parsimony,all,2000.0,1.0,sufficient,0.3299387241219705,0.9884335924921837,0.9145,7.693085544322654,3.1828193435229855,4.510266200799668,0.5862753214967376,True,4.3917956876061055,31.353807346560757,-26.96201165895465,-6.139177133181073,True,4.3917956876061055,1.3825672740984203,3.009228413507685,0.6851931709846834,True,4.3917956876061055,3.0237106061444674,1.368085081461638,0.31150927292051656,True,4.3917956876061055,6.910306290932715,-2.518510603326609,-0.573458052803774,True,4.3917956876061055,13.809596202696707,-9.417800515090601,-2.1444077058657722,True,4.3917956876061055,13.629951111084493,-9.238155423478387,-2.1035030043744936,True,4.3917956876061055,19.144100557728613,-14.752304870122508,-3.3590599197850532,True,full
elastic_net,performance,all,2000.0,1.0,sufficient,-0.011811200580244964,0.8754746668724013,0.1635,7.693085544322654,3.0042897466670144,4.688795797655639,0.6094818224289574,True,4.3917956876061055,24.247274659057197,-19.85547897145109,-4.521038860592803,True,4.3917956876061055,1.489893476816067,2.9019022107900385,0.6607552849007456,True,4.3917956876061055,7.6770048300256875,-3.285209142419582,-0.748033236539356,True,4.3917956876061055,5.571595347383328,-1.1797996597772222,-0.268637191640468,True,4.3917956876061055,12.33256421349396,-7.940768525887854,-1.8080915167108411,True,4.3917956876061055,13.00800997972629,-8.616214292120185,-1.9618886908686637,True,4.3917956876061055,16.921596190622076,-12.52980050301597,-2.8530016863889576,True,full
elastic_net,compromise,all,2000.0,1.0,sufficient,0.13849499799804516,0.8362766207393577,0.3555,7.693085544322654,2.6918200275564304,5.001265516766223,0.6500987786957677,True,4.3917956876061055,22.958017623513527,-18.56622193590742,-4.227478520529164,True,4.3917956876061055,1.5499406270857679,2.841855060520338,0.6470827111880939,True,4.3917956876061055,6.469211833696822,-2.077416146090717,-0.4730220378769673,True,4.3917956876061055,3.7865351120613364,0.6052605755447691,0.13781619606140796,True,4.3917956876061055,10.557115046243766,-6.16531935863766,-1.4038265432147807,True,4.3917956876061055,12.011553797542438,-7.619758109936333,-1.7349983132047146,True,4.3917956876061055,14.637586031362286,-10.24579034375618,-2.3329387504683736,True,full
elastic_net,parsimony,all,2000.0,1.0,sufficient,0.18638062146772721,1.5256342945140642,0.4415,7.693085544322654,4.147488816811519,3.5455967275111346,0.46088096994160105,True,4.3917956876061055,31.35031536465533,-26.958519677049225,-6.138382018345635,True,4.3917956876061055,3.0862916643225233,1.3055040232835822,0.2972597352303496,True,4.3917956876061055,6.293482264107711,-1.9016865765016053,-0.4330088901604125,True,4.3917956876061055,3.3461326694980924,1.045663018108013,0.23809464111887832,True,4.3917956876061055,9.392026472370848,-5.000230784764742,-1.138539026047062,True,4.3917956876061055,7.434524290550379,-3.0427286029442735,-0.6928210735146503,True,4.3917956876061055,14.733413377344183,-10.341617689738078,-2.3547583779734347,True,full
