family,penalty,profile,mean_replication_error,mae_replication_error,under_replication_rate,gross_rmse,residual_rmse,rmse_reduction,rmse_relative_reduction,gross_es_975,residual_es_975,es_975_reduction,es_975_relative_reduction,gross_max_loss,residual_max_loss,mean_replication_error_pct_notional,mean_replication_error_bps_notional,mae_replication_error_pct_notional,mae_replication_error_bps_notional,gross_rmse_pct_notional,gross_rmse_bps_notional,residual_rmse_pct_notional,residual_rmse_bps_notional,rmse_reduction_pct_notional,rmse_reduction_bps_notional,gross_es_975_pct_notional,gross_es_975_bps_notional,residual_es_975_pct_notional,residual_es_975_bps_notional,es_975_reduction_pct_notional,es_975_reduction_bps_notional,gross_max_loss_pct_notional,gross_max_loss_bps_notional,residual_max_loss_pct_notional,residual_max_loss_bps_notional
calls_puts,l0,performance,0.4123861716573352,1.0159429052560838,0.3645,7.693085544322654,3.709649462277771,3.9834360820448826,0.5177943309085625,4.3917956876061055,18.36855209818362,-13.976756410577515,-3.182469633098076,4.3917956876061055,37.91254398150705,0.4123861716573352,41.23861716573352,1.0159429052560838,101.59429052560837,7.693085544322654,769.3085544322654,3.709649462277771,370.9649462277771,3.9834360820448826,398.34360820448825,4.3917956876061055,439.17956876061055,18.36855209818362,1836.8552098183623,-13.976756410577515,-1397.6756410577516,4.3917956876061055,439.17956876061055,37.91254398150705,3791.2543981507047
calls_puts,l0,compromise,0.4123861716573352,1.0159429052560838,0.3645,7.693085544322654,3.709649462277771,3.9834360820448826,0.5177943309085625,4.3917956876061055,18.36855209818362,-13.976756410577515,-3.182469633098076,4.3917956876061055,37.91254398150705,0.4123861716573352,41.23861716573352,1.0159429052560838,101.59429052560837,7.693085544322654,769.3085544322654,3.709649462277771,370.9649462277771,3.9834360820448826,398.34360820448825,4.3917956876061055,439.17956876061055,18.36855209818362,1836.8552098183623,-13.976756410577515,-1397.6756410577516,4.3917956876061055,439.17956876061055,37.91254398150705,3791.2543981507047
calls_puts,l0,parsimony,0.4123861716573352,1.0159429052560838,0.3645,7.693085544322654,3.709649462277771,3.9834360820448826,0.5177943309085625,4.3917956876061055,18.36855209818362,-13.976756410577515,-3.182469633098076,4.3917956876061055,37.91254398150705,0.4123861716573352,41.23861716573352,1.0159429052560838,101.59429052560837,7.693085544322654,769.3085544322654,3.709649462277771,370.9649462277771,3.9834360820448826,398.34360820448825,4.3917956876061055,439.17956876061055,18.36855209818362,1836.8552098183623,-13.976756410577515,-1397.6756410577516,4.3917956876061055,439.17956876061055,37.91254398150705,3791.2543981507047
calls_puts,l1,performance,0.30839144273911645,0.8334650167124076,0.4225,7.693085544322654,2.9531227025566347,4.739962841766019,0.6161328656047532,4.3917956876061055,13.623558720670337,-9.231763033064231,-2.1020474743660746,4.3917956876061055,32.44277566076628,0.30839144273911645,30.839144273911643,0.8334650167124076,83.34650167124077,7.693085544322654,769.3085544322654,2.9531227025566347,295.31227025566346,4.739962841766019,473.99628417660193,4.3917956876061055,439.17956876061055,13.623558720670337,1362.3558720670337,-9.231763033064231,-923.176303306423,4.3917956876061055,439.17956876061055,32.44277566076628,3244.2775660766283
calls_puts,l1,compromise,0.30839144273911645,0.8334650167124076,0.4225,7.693085544322654,2.9531227025566347,4.739962841766019,0.6161328656047532,4.3917956876061055,13.623558720670337,-9.231763033064231,-2.1020474743660746,4.3917956876061055,32.44277566076628,0.30839144273911645,30.839144273911643,0.8334650167124076,83.34650167124077,7.693085544322654,769.3085544322654,2.9531227025566347,295.31227025566346,4.739962841766019,473.99628417660193,4.3917956876061055,439.17956876061055,13.623558720670337,1362.3558720670337,-9.231763033064231,-923.176303306423,4.3917956876061055,439.17956876061055,32.44277566076628,3244.2775660766283
calls_puts,l1,parsimony,0.30839144273911645,0.8334650167124076,0.4225,7.693085544322654,2.9531227025566347,4.739962841766019,0.6161328656047532,4.3917956876061055,13.623558720670337,-9.231763033064231,-2.1020474743660746,4.3917956876061055,32.44277566076628,0.30839144273911645,30.839144273911643,0.8334650167124076,83.34650167124077,7.693085544322654,769.3085544322654,2.9531227025566347,295.31227025566346,4.739962841766019,473.99628417660193,4.3917956876061055,439.17956876061055,13.623558720670337,1362.3558720670337,-9.231763033064231,-923.176303306423,4.3917956876061055,439.17956876061055,32.44277566076628,3244.2775660766283
calls_puts,l2,performance,0.1376301393322329,2.0652851727974078,0.263,7.693085544322654,5.831716200493919,1.8613693438287342,0.24195354817058914,4.3917956876061055,8.552201399900403,-4.160405712294297,-0.9473131284397396,4.3917956876061055,31.338390882597096,0.1376301393322329,13.76301393322329,2.0652851727974078,206.52851727974078,7.693085544322654,769.3085544322654,5.8317162004939185,583.1716200493919,1.8613693438287342,186.1369343828734,4.3917956876061055,439.17956876061055,8.552201399900403,855.2201399900404,-4.160405712294297,-416.0405712294297,4.3917956876061055,439.17956876061055,31.338390882597096,3133.8390882597096
calls_puts,l2,compromise,0.1376301393322329,2.0652851727974078,0.263,7.693085544322654,5.831716200493919,1.8613693438287342,0.24195354817058914,4.3917956876061055,8.552201399900403,-4.160405712294297,-0.9473131284397396,4.3917956876061055,31.338390882597096,0.1376301393322329,13.76301393322329,2.0652851727974078,206.52851727974078,7.693085544322654,769.3085544322654,5.8317162004939185,583.1716200493919,1.8613693438287342,186.1369343828734,4.3917956876061055,439.17956876061055,8.552201399900403,855.2201399900404,-4.160405712294297,-416.0405712294297,4.3917956876061055,439.17956876061055,31.338390882597096,3133.8390882597096
calls_puts,l2,parsimony,0.13562596661820797,2.0658970969317316,0.263,7.693085544322654,5.838350459665266,1.8547350846573876,0.24109118168147053,4.3917956876061055,8.54924172287371,-4.157446035267604,-0.9466392179855158,4.3917956876061055,31.349288073287582,0.13562596661820797,13.562596661820796,2.0658970969317316,206.58970969317318,7.693085544322654,769.3085544322654,5.838350459665267,583.8350459665266,1.8547350846573876,185.47350846573875,4.3917956876061055,439.17956876061055,8.54924172287371,854.9241722873709,-4.157446035267604,-415.7446035267604,4.3917956876061055,439.17956876061055,31.349288073287582,3134.9288073287585
calls_puts,elastic_net,performance,0.22774131909833603,0.8355135247585735,0.375,7.693085544322654,2.614266218862829,5.078819325459825,0.6601797544299886,4.3917956876061055,10.021124868794823,-5.629329181188718,-1.281783029450801,4.3917956876061055,17.988523399203913,0.22774131909833603,22.774131909833603,0.8355135247585735,83.55135247585734,7.693085544322654,769.3085544322654,2.614266218862829,261.4266218862829,5.078819325459825,507.88193254598247,4.3917956876061055,439.17956876061055,10.021124868794823,1002.1124868794823,-5.629329181188718,-562.9329181188717,4.3917956876061055,439.17956876061055,17.988523399203913,1798.8523399203914
calls_puts,elastic_net,compromise,0.22774131909833603,0.8355135247585735,0.375,7.693085544322654,2.614266218862829,5.078819325459825,0.6601797544299886,4.3917956876061055,10.021124868794823,-5.629329181188718,-1.281783029450801,4.3917956876061055,17.988523399203913,0.22774131909833603,22.774131909833603,0.8355135247585735,83.55135247585734,7.693085544322654,769.3085544322654,2.614266218862829,261.4266218862829,5.078819325459825,507.88193254598247,4.3917956876061055,439.17956876061055,10.021124868794823,1002.1124868794823,-5.629329181188718,-562.9329181188717,4.3917956876061055,439.17956876061055,17.988523399203913,1798.8523399203914
calls_puts,elastic_net,parsimony,0.22774131909833603,0.8355135247585735,0.375,7.693085544322654,2.614266218862829,5.078819325459825,0.6601797544299886,4.3917956876061055,10.021124868794823,-5.629329181188718,-1.281783029450801,4.3917956876061055,17.988523399203913,0.22774131909833603,22.774131909833603,0.8355135247585735,83.55135247585734,7.693085544322654,769.3085544322654,2.614266218862829,261.4266218862829,5.078819325459825,507.88193254598247,4.3917956876061055,439.17956876061055,10.021124868794823,1002.1124868794823,-5.629329181188718,-562.9329181188717,4.3917956876061055,439.17956876061055,17.988523399203913,1798.8523399203914
full,l0,parsimony,0.352520427573898,0.9886363677892613,0.3555,7.693085544322654,3.5596972385139827,4.133388305808671,0.5372861489703609,4.3917956876061055,17.432808396770135,-13.041012709164029,-2.9694033231023247,4.3917956876061055,31.432659189234215,0.352520427573898,35.2520427573898,0.9886363677892613,98.86363677892614,7.693085544322654,769.3085544322654,3.5596972385139827,355.9697238513983,4.133388305808671,413.33883058086707,4.3917956876061055,439.17956876061055,17.432808396770135,1743.2808396770135,-13.041012709164029,-1304.1012709164029,4.3917956876061055,439.17956876061055,31.432659189234215,3143.2659189234214
full,l1,performance,0.1996693333016245,0.8847449846777791,0.728,7.693085544322654,2.9759731271084333,4.717112417214221,0.6131626107674517,4.3917956876061055,13.621459300680051,-9.229663613073946,-2.101569442112386,4.3917956876061055,25.623089220225133,0.1996693333016245,19.96693333016245,0.8847449846777791,88.4744984677779,7.693085544322654,769.3085544322654,2.9759731271084333,297.5973127108433,4.717112417214221,471.711241721422,4.3917956876061055,439.17956876061055,13.621459300680051,1362.145930068005,-9.229663613073946,-922.9663613073945,4.3917956876061055,439.17956876061055,25.623089220225133,2562.3089220225133
full,l1,compromise,0.3066899302280988,0.9273363445796413,0.79,7.693085544322654,3.0206752176998255,4.672410326622828,0.6073519265713839,4.3917956876061055,13.446404236550045,-9.05460854894394,-2.061709877464599,4.3917956876061055,23.319251542708813,0.3066899302280988,30.668993022809882,0.9273363445796413,92.73363445796413,7.693085544322654,769.3085544322654,3.0206752176998255,302.06752176998253,4.672410326622828,467.24103266228275,4.3917956876061055,439.17956876061055,13.446404236550045,1344.6404236550045,-9.05460854894394,-905.4608548943938,4.3917956876061055,439.17956876061055,23.319251542708813,2331.925154270881
full,l1,parsimony,0.3299387241219705,0.9884335924921837,0.9145,7.693085544322654,3.1828193435229855,4.510266200799668,0.5862753214967376,4.3917956876061055,13.809596202696707,-9.417800515090601,-2.1444077058657722,4.3917956876061055,31.353807346560757,0.3299387241219705,32.99387241219705,0.9884335924921837,98.84335924921838,7.693085544322654,769.3085544322654,3.1828193435229855,318.28193435229855,4.510266200799668,451.0266200799668,4.3917956876061055,439.17956876061055,13.809596202696707,1380.9596202696705,-9.417800515090601,-941.7800515090602,4.3917956876061055,439.17956876061055,31.353807346560757,3135.380734656076
full,elastic_net,performance,-0.011811200580244964,0.8754746668724013,0.1635,7.693085544322654,3.0042897466670144,4.688795797655639,0.6094818224289574,4.3917956876061055,12.33256421349396,-7.940768525887854,-1.8080915167108411,4.3917956876061055,24.247274659057197,-0.011811200580244964,-1.1811200580244965,0.8754746668724013,87.54746668724012,7.693085544322654,769.3085544322654,3.0042897466670144,300.42897466670144,4.688795797655639,468.8795797655639,4.3917956876061055,439.17956876061055,12.33256421349396,1233.256421349396,-7.940768525887854,-794.0768525887854,4.3917956876061055,439.17956876061055,24.247274659057197,2424.72746590572
full,elastic_net,compromise,0.13849499799804516,0.8362766207393577,0.3555,7.693085544322654,2.6918200275564304,5.001265516766223,0.6500987786957677,4.3917956876061055,10.557115046243766,-6.16531935863766,-1.4038265432147807,4.3917956876061055,22.958017623513527,0.13849499799804516,13.849499799804516,0.8362766207393577,83.62766207393577,7.693085544322654,769.3085544322654,2.6918200275564304,269.18200275564305,5.001265516766223,500.1265516766223,4.3917956876061055,439.17956876061055,10.557115046243766,1055.7115046243766,-6.165319358637659,-616.5319358637661,4.3917956876061055,439.17956876061055,22.958017623513527,2295.801762351353
full,elastic_net,parsimony,0.18638062146772721,1.5256342945140642,0.4415,7.693085544322654,4.147488816811519,3.5455967275111346,0.46088096994160105,4.3917956876061055,9.392026472370848,-5.000230784764742,-1.138539026047062,4.3917956876061055,31.35031536465533,0.18638062146772721,18.63806214677272,1.5256342945140642,152.56342945140642,7.693085544322654,769.3085544322654,4.147488816811519,414.7488816811519,3.5455967275111346,354.55967275111345,4.3917956876061055,439.17956876061055,9.392026472370848,939.2026472370848,-5.000230784764742,-500.02307847647427,4.3917956876061055,439.17956876061055,31.35031536465533,3135.031536465533
