family,penalty,profile,n_calibrations,n_converged,convergence_rate,n_valid_active_counts,validation_rmse_mean,validation_rmse_std,n_options_active_mean,n_options_active_std,support_jaccard_median,relative_weight_distance_mean,passes_stability_filter
calls_puts,l0,performance,10,10,1.0,10,3.016291151862482,0.8491079517528637,5.6,0.8432740427115678,0.3333333333333333,0.3555932935186175,True
calls_puts,l0,compromise,10,10,1.0,10,3.016291151862482,0.8491079517528637,5.6,0.8432740427115678,0.3333333333333333,0.3555932935186175,True
calls_puts,l0,parsimony,10,10,1.0,10,3.016291151862482,0.8491079517528637,5.6,0.8432740427115678,0.3333333333333333,0.3555932935186175,True
calls_puts,l1,performance,10,10,1.0,10,3.263680155346742,0.15321490690755898,5.3,0.48304589153964794,0.7142857142857143,0.27973584723065825,True
calls_puts,l1,compromise,10,10,1.0,10,3.263680155346742,0.15321490690755898,5.3,0.48304589153964794,0.7142857142857143,0.27973584723065825,True
calls_puts,l1,parsimony,10,10,1.0,10,3.263680155346742,0.15321490690755898,5.3,0.48304589153964794,0.7142857142857143,0.27973584723065825,True
calls_puts,l2,performance,10,10,1.0,10,5.226730236668923,0.009789181541682457,91.3,2.2135943621178655,1.0,0.013968591518388581,True
calls_puts,l2,compromise,10,10,1.0,10,5.226730236668923,0.009789181541682457,91.3,2.2135943621178655,1.0,0.013968591518388581,True
calls_puts,l2,parsimony,10,10,1.0,10,5.232324722580329,0.009854116435395252,87.2,1.8737959096740262,0.9886363636363636,0.013957540523223327,True
calls_puts,elastic_net,performance,10,10,1.0,10,2.640069333775729,0.012019819928376274,11.0,0.0,1.0,0.031625162475577936,True
calls_puts,elastic_net,compromise,10,10,1.0,10,2.640069333775729,0.012019819928376274,11.0,0.0,1.0,0.031625162475577936,True
calls_puts,elastic_net,parsimony,10,10,1.0,10,2.640069333775729,0.012019819928376274,11.0,0.0,1.0,0.031625162475577936,True
full,l0,performance,10,0,0.0,10,5.228289820514466,0.21605660923680886,17.7,0.48304589153964794,0.22727272727272727,0.8053862864829939,False
full,l0,compromise,10,0,0.0,10,5.228289820514466,0.21605660923680886,17.7,0.48304589153964794,0.22727272727272727,0.8053862864829939,False
full,l0,parsimony,10,10,1.0,10,4.96119114905412,0.014242677723190007,3.0,0.0,1.0,0.002275336099852688,True
full,l1,performance,10,10,1.0,10,3.5423812340966228,0.16227408276851213,12.8,0.4216370213557839,0.9230769230769231,0.135509048483126,True
full,l1,compromise,10,10,1.0,10,4.312611127876787,0.1285828658709721,6.0,2.1081851067789197,0.8333333333333334,0.030094619623422348,True
full,l1,parsimony,10,10,1.0,10,4.989662546477144,0.011896107184291498,3.8,0.4216370213557839,0.75,0.01232206179500184,True
full,elastic_net,performance,10,10,1.0,10,3.1898434418797526,0.061303098668864096,23.9,0.5676462121975466,0.88,0.13908464065876167,True
full,elastic_net,compromise,10,10,1.0,10,3.4256538339951907,0.04130843642605403,17.0,0.0,1.0,0.03067761488171832,True
full,elastic_net,parsimony,10,10,1.0,10,5.023797595002224,0.0036561143869334486,5.0,0.0,1.0,0.006759571550348098,True
