family,penalty,profile,seed,alpha,alpha_relative,converged,validation_rmse,validation_mae,n_options_active,active_count_is_valid,support_jaccard_vs_base,relative_weight_distance_vs_base
calls_puts,l0,performance,42,0.006362430330355305,0.03162277660168381,True,4.624808737062918,0.9564276766251193,4,True,0.5,0.1733546926088805
calls_puts,l0,compromise,42,0.006362430330355305,0.03162277660168381,True,4.624808737062918,0.9564276766251193,4,True,0.5,0.1733546926088805
calls_puts,l0,parsimony,42,0.006362430330355305,0.03162277660168381,True,4.624808737062918,0.9564276766251193,4,True,0.5,0.1733546926088805
calls_puts,l1,performance,42,0.3050623571729559,0.07498942093324557,True,3.5518587207522017,0.8313175616119558,6,True,0.8571428571428571,0.27288184667545756
calls_puts,l1,compromise,42,0.3050623571729559,0.07498942093324557,True,3.5518587207522017,0.8313175616119558,6,True,0.8571428571428571,0.27288184667545756
calls_puts,l1,parsimony,42,0.3050623571729559,0.07498942093324557,True,3.5518587207522017,0.8313175616119558,6,True,0.8571428571428571,0.27288184667545756
calls_puts,l2,performance,42,2151.919048298958,56.23413251903491,True,5.204503724262939,1.6619033345751335,92,True,1.0,1.5636373996718083e-06
calls_puts,l2,compromise,42,2151.919048298958,56.23413251903491,True,5.204503724262939,1.6619033345751335,92,True,1.0,1.5636373996718083e-06
calls_puts,l2,parsimony,42,3826.713335660591,100.0,True,5.210028245030549,1.662391683633456,87,True,1.0,0.0
calls_puts,elastic_net,performance,42,0.8136143828727994,0.1,True,2.619812668042217,0.5538094416798278,11,True,1.0,0.002187526346281662
calls_puts,elastic_net,compromise,42,0.8136143828727994,0.1,True,2.619812668042217,0.5538094416798278,11,True,1.0,0.002187526346281662
calls_puts,elastic_net,parsimony,42,0.8136143828727994,0.1,True,2.619812668042217,0.5538094416798278,11,True,1.0,0.002187526346281662
calls_puts,l0,performance,43,0.006362920793202929,0.03162277660168381,True,4.6292552316484725,0.9826139656324325,4,True,0.5,0.17335369979883014
calls_puts,l0,compromise,43,0.006362920793202929,0.03162277660168381,True,4.6292552316484725,0.9826139656324325,4,True,0.5,0.17335369979883014
calls_puts,l0,parsimony,43,0.006362920793202929,0.03162277660168381,True,4.6292552316484725,0.9826139656324325,4,True,0.5,0.17335369979883014
calls_puts,l1,performance,43,0.30506235717295666,0.07498942093324557,True,3.555109204858129,0.8506965523729944,6,True,0.8571428571428571,0.2728901781612915
calls_puts,l1,compromise,43,0.30506235717295666,0.07498942093324557,True,3.555109204858129,0.8506965523729944,6,True,0.8571428571428571,0.2728901781612915
calls_puts,l1,parsimony,43,0.30506235717295666,0.07498942093324557,True,3.555109204858129,0.8506965523729944,6,True,0.8571428571428571,0.2728901781612915
calls_puts,l2,performance,43,2151.7411645767656,56.23413251903491,True,5.215086127845887,1.7047736317498905,92,True,1.0,7.323485991511349e-07
calls_puts,l2,compromise,43,2151.7411645767656,56.23413251903491,True,5.215086127845887,1.7047736317498905,92,True,1.0,7.323485991511349e-07
calls_puts,l2,parsimony,43,3826.3970087000353,100.0,True,5.2205393908744115,1.7051393490668183,87,True,1.0,4.86037577956239e-07
calls_puts,elastic_net,performance,43,0.8136143828728015,0.1,True,2.619876490003989,0.5561616290565148,11,True,1.0,0.002187328633756197
calls_puts,elastic_net,compromise,43,0.8136143828728015,0.1,True,2.619876490003989,0.5561616290565148,11,True,1.0,0.002187328633756197
calls_puts,elastic_net,parsimony,43,0.8136143828728015,0.1,True,2.619876490003989,0.5561616290565148,11,True,1.0,0.002187328633756197
calls_puts,l0,performance,44,0.0063159432412980025,0.03162277660168381,True,2.5821800750129085,0.4802838042455001,6,True,0.3333333333333333,0.40105282867512626
calls_puts,l0,compromise,44,0.0063159432412980025,0.03162277660168381,True,2.5821800750129085,0.4802838042455001,6,True,0.3333333333333333,0.40105282867512626
calls_puts,l0,parsimony,44,0.0063159432412980025,0.03162277660168381,True,2.5821800750129085,0.4802838042455001,6,True,0.3333333333333333,0.40105282867512626
calls_puts,l1,performance,44,0.30435698881570883,0.07498942093324557,True,3.1692142443866564,0.754496658526574,5,True,0.7142857142857143,0.28140417985568666
calls_puts,l1,compromise,44,0.30435698881570883,0.07498942093324557,True,3.1692142443866564,0.754496658526574,5,True,0.7142857142857143,0.28140417985568666
calls_puts,l1,parsimony,44,0.30435698881570883,0.07498942093324557,True,3.1692142443866564,0.754496658526574,5,True,0.7142857142857143,0.28140417985568666
calls_puts,l2,performance,44,2158.588693711491,56.23413251903491,True,5.227964642613536,1.7271880357696823,92,True,1.0,0.01743192429427563
calls_puts,l2,compromise,44,2158.588693711491,56.23413251903491,True,5.227964642613536,1.7271880357696823,92,True,1.0,0.01743192429427563
calls_puts,l2,parsimony,44,3838.5738287699596,100.0,True,5.233536427357188,1.7277774236663588,88,True,0.9886363636363636,0.0174323322232759
calls_puts,elastic_net,performance,44,0.8117331352288819,0.1,True,2.635067339641681,0.5578546585043114,11,True,1.0,0.03921930091237976
calls_puts,elastic_net,compromise,44,0.8117331352288819,0.1,True,2.635067339641681,0.5578546585043114,11,True,1.0,0.03921930091237976
calls_puts,elastic_net,parsimony,44,0.8117331352288819,0.1,True,2.635067339641681,0.5578546585043114,11,True,1.0,0.03921930091237976
calls_puts,l0,performance,45,0.00631686894084667,0.03162277660168381,True,2.5821787709822477,0.4802822222038872,6,True,0.3333333333333333,0.401052804580847
calls_puts,l0,compromise,45,0.00631686894084667,0.03162277660168381,True,2.5821787709822477,0.4802822222038872,6,True,0.3333333333333333,0.401052804580847
calls_puts,l0,parsimony,45,0.00631686894084667,0.03162277660168381,True,2.5821787709822477,0.4802822222038872,6,True,0.3333333333333333,0.401052804580847
calls_puts,l1,performance,45,0.30435698881570805,0.07498942093324557,True,3.1691482370003126,0.7544813980732362,5,True,0.7142857142857143,0.2814074050444864
calls_puts,l1,compromise,45,0.30435698881570805,0.07498942093324557,True,3.1691482370003126,0.7544813980732362,5,True,0.7142857142857143,0.2814074050444864
calls_puts,l1,parsimony,45,0.30435698881570805,0.07498942093324557,True,3.1691482370003126,0.7544813980732362,5,True,0.7142857142857143,0.2814074050444864
calls_puts,l2,performance,45,2158.2425795795975,56.23413251903491,True,5.227962618944414,1.727188515518092,92,True,1.0,0.017431920227773786
calls_puts,l2,compromise,45,2158.2425795795975,56.23413251903491,True,5.227962618944414,1.727188515518092,92,True,1.0,0.017431920227773786
calls_puts,l2,parsimony,45,3837.95834113569,100.0,True,5.233535287011213,1.7277777167800321,88,True,0.9886363636363636,0.017432330976669005
calls_puts,elastic_net,performance,45,0.8117331352288798,0.1,True,2.6350678575358595,0.5578541991730146,11,True,1.0,0.03921962607215888
calls_puts,elastic_net,compromise,45,0.8117331352288798,0.1,True,2.6350678575358595,0.5578541991730146,11,True,1.0,0.03921962607215888
calls_puts,elastic_net,parsimony,45,0.8117331352288798,0.1,True,2.6350678575358595,0.5578541991730146,11,True,1.0,0.03921962607215888
calls_puts,l0,performance,46,0.006320252301337324,0.03162277660168381,True,2.6240777023788797,0.5399871305177721,6,True,0.3333333333333333,0.4010527817053752
calls_puts,l0,compromise,46,0.006320252301337324,0.03162277660168381,True,2.6240777023788797,0.5399871305177721,6,True,0.3333333333333333,0.4010527817053752
calls_puts,l0,parsimony,46,0.006320252301337324,0.03162277660168381,True,2.6240777023788797,0.5399871305177721,6,True,0.3333333333333333,0.4010527817053752
calls_puts,l1,performance,46,0.3043569888157085,0.07498942093324557,True,3.198942305210909,0.8110906990953429,5,True,0.7142857142857143,0.2814336061778556
calls_puts,l1,compromise,46,0.3043569888157085,0.07498942093324557,True,3.198942305210909,0.8110906990953429,5,True,0.7142857142857143,0.2814336061778556
calls_puts,l1,parsimony,46,0.3043569888157085,0.07498942093324557,True,3.198942305210909,0.8110906990953429,5,True,0.7142857142857143,0.2814336061778556
calls_puts,l2,performance,46,2157.1032616940333,56.23413251903491,True,5.230483932675435,1.7480139280676619,92,True,1.0,0.017431908733012633
calls_puts,l2,compromise,46,2157.1032616940333,56.23413251903491,True,5.230483932675435,1.7480139280676619,92,True,1.0,0.017431908733012633
calls_puts,l2,parsimony,46,3835.932315598301,100.0,True,5.236094781962076,1.7488333036909913,88,True,0.9886363636363636,0.017432327460974114
calls_puts,elastic_net,performance,46,0.811733135228881,0.1,True,2.6489508310258363,0.592826566702964,11,True,1.0,0.039192160448432344
calls_puts,elastic_net,compromise,46,0.811733135228881,0.1,True,2.6489508310258363,0.592826566702964,11,True,1.0,0.039192160448432344
calls_puts,elastic_net,parsimony,46,0.811733135228881,0.1,True,2.6489508310258363,0.592826566702964,11,True,1.0,0.039192160448432344
calls_puts,l0,performance,47,0.006316969076863999,0.03162277660168381,True,2.6239834138736033,0.540233216857537,6,True,0.3333333333333333,0.40103769744441903
calls_puts,l0,compromise,47,0.006316969076863999,0.03162277660168381,True,2.6239834138736033,0.540233216857537,6,True,0.3333333333333333,0.40103769744441903
calls_puts,l0,parsimony,47,0.006316969076863999,0.03162277660168381,True,2.6239834138736033,0.540233216857537,6,True,0.3333333333333333,0.40103769744441903
calls_puts,l1,performance,47,0.30435698881570983,0.07498942093324557,True,3.197423723645879,0.8106896252694433,5,True,0.7142857142857143,0.2815076220544659
calls_puts,l1,compromise,47,0.30435698881570983,0.07498942093324557,True,3.197423723645879,0.8106896252694433,5,True,0.7142857142857143,0.2815076220544659
calls_puts,l1,parsimony,47,0.30435698881570983,0.07498942093324557,True,3.197423723645879,0.8106896252694433,5,True,0.7142857142857143,0.2815076220544659
calls_puts,l2,performance,47,2158.1891094803036,56.23413251903491,True,5.230483578393684,1.7480143076961192,92,True,1.0,0.017431920003809845
calls_puts,l2,compromise,47,2158.1891094803036,56.23413251903491,True,5.230483578393684,1.7480143076961192,92,True,1.0,0.017431920003809845
calls_puts,l2,parsimony,47,3837.8632563590622,100.0,True,5.236094602885045,1.7488335496937248,88,True,0.9886363636363636,0.017432330905128347
calls_puts,elastic_net,performance,47,0.8117331352288846,0.1,True,2.6489001644400343,0.5927663916600705,11,True,1.0,0.03915276313460765
calls_puts,elastic_net,compromise,47,0.8117331352288846,0.1,True,2.6489001644400343,0.5927663916600705,11,True,1.0,0.03915276313460765
calls_puts,elastic_net,parsimony,47,0.8117331352288846,0.1,True,2.6489001644400343,0.5927663916600705,11,True,1.0,0.03915276313460765
calls_puts,l0,performance,48,0.0063136565173059645,0.03162277660168381,True,2.62398344045592,0.540309083946286,6,True,0.3333333333333333,0.40103600312194376
calls_puts,l0,compromise,48,0.0063136565173059645,0.03162277660168381,True,2.62398344045592,0.540309083946286,6,True,0.3333333333333333,0.40103600312194376
calls_puts,l0,parsimony,48,0.0063136565173059645,0.03162277660168381,True,2.62398344045592,0.540309083946286,6,True,0.3333333333333333,0.40103600312194376
calls_puts,l1,performance,48,0.30435698881570816,0.07498942093324557,True,3.199368125686918,0.8111622693998527,5,True,0.7142857142857143,0.28141060029862486
calls_puts,l1,compromise,48,0.30435698881570816,0.07498942093324557,True,3.199368125686918,0.8111622693998527,5,True,0.7142857142857143,0.28141060029862486
calls_puts,l1,parsimony,48,0.30435698881570816,0.07498942093324557,True,3.199368125686918,0.8111622693998527,5,True,0.7142857142857143,0.28141060029862486
calls_puts,l2,performance,48,2159.157781573498,56.23413251903491,True,5.230489157421462,1.7480153485521943,92,True,1.0,0.017431931720189375
calls_puts,l2,compromise,48,2159.157781573498,56.23413251903491,True,5.230489157421462,1.7480153485521943,92,True,1.0,0.017431931720189375
calls_puts,l2,parsimony,48,3839.5858259974693,100.0,True,5.236097749396038,1.7488341552816207,88,True,0.9886363636363636,0.0174323345006884
calls_puts,elastic_net,performance,48,0.8117331352288801,0.1,True,2.649035331471084,0.5929659721651984,11,True,1.0,0.039224615169516155
calls_puts,elastic_net,compromise,48,0.8117331352288801,0.1,True,2.649035331471084,0.5929659721651984,11,True,1.0,0.039224615169516155
calls_puts,elastic_net,parsimony,48,0.8117331352288801,0.1,True,2.649035331471084,0.5929659721651984,11,True,1.0,0.039224615169516155
calls_puts,l0,performance,49,0.0063133074699616475,0.03162277660168381,True,2.6239837996641944,0.5403095448148901,6,True,0.3333333333333333,0.4010360122376687
calls_puts,l0,compromise,49,0.0063133074699616475,0.03162277660168381,True,2.6239837996641944,0.5403095448148901,6,True,0.3333333333333333,0.4010360122376687
calls_puts,l0,parsimony,49,0.0063133074699616475,0.03162277660168381,True,2.6239837996641944,0.5403095448148901,6,True,0.3333333333333333,0.4010360122376687
calls_puts,l1,performance,49,0.30435698881570916,0.07498942093324557,True,3.1993922448989727,0.8111678703008655,5,True,0.7142857142857143,0.2814094103625615
calls_puts,l1,compromise,49,0.30435698881570916,0.07498942093324557,True,3.1993922448989727,0.8111678703008655,5,True,0.7142857142857143,0.2814094103625615
calls_puts,l1,parsimony,49,0.30435698881570916,0.07498942093324557,True,3.1993922448989727,0.8111678703008655,5,True,0.7142857142857143,0.2814094103625615
calls_puts,l2,performance,49,2159.273565534769,56.23413251903491,True,5.230489846704166,1.7480154784532875,92,True,1.0,0.01743193320299151
calls_puts,l2,compromise,49,2159.273565534769,56.23413251903491,True,5.230489846704166,1.7480154784532875,92,True,1.0,0.01743193320299151
calls_puts,l2,parsimony,49,3839.7917222318106,100.0,True,5.236098136881945,1.7488342160608121,88,True,0.9886363636363636,0.017432334956617404
calls_puts,elastic_net,performance,49,0.8117331352288828,0.1,True,2.64903517073554,0.5929661681783901,11,True,1.0,0.03922452947604034
calls_puts,elastic_net,compromise,49,0.8117331352288828,0.1,True,2.64903517073554,0.5929661681783901,11,True,1.0,0.03922452947604034
calls_puts,elastic_net,parsimony,49,0.8117331352288828,0.1,True,2.64903517073554,0.5929661681783901,11,True,1.0,0.03922452947604034
calls_puts,l0,performance,50,0.006313280155674951,0.03162277660168381,True,2.6239838277757093,0.540309580882928,6,True,0.3333333333333333,0.4010360129508628
calls_puts,l0,compromise,50,0.006313280155674951,0.03162277660168381,True,2.6239838277757093,0.540309580882928,6,True,0.3333333333333333,0.4010360129508628
calls_puts,l0,parsimony,50,0.006313280155674951,0.03162277660168381,True,2.6239838277757093,0.540309580882928,6,True,0.3333333333333333,0.4010360129508628
calls_puts,l1,performance,50,0.30435698881570883,0.07498942093324557,True,3.1993941300731255,0.8111683079907301,5,True,0.7142857142857143,0.2814093173551541
calls_puts,l1,compromise,50,0.30435698881570883,0.07498942093324557,True,3.1993941300731255,0.8111683079907301,5,True,0.7142857142857143,0.2814093173551541
calls_puts,l1,parsimony,50,0.30435698881570883,0.07498942093324557,True,3.1993941300731255,0.8111683079907301,5,True,0.7142857142857143,0.2814093173551541
calls_puts,l2,performance,50,2159.273051273867,56.23413251903491,True,5.230489848924289,1.7480156420585629,92,True,1.0,0.0174319331963874
calls_puts,l2,compromise,50,2159.273051273867,56.23413251903491,True,5.230489848924289,1.7480156420585629,92,True,1.0,0.0174319331963874
calls_puts,l2,parsimony,50,3839.790807732237,100.0,True,5.236098137487757,1.7488343058974556,88,True,0.9886363636363636,0.017432334954570475
calls_puts,elastic_net,performance,50,0.8117331352288819,0.1,True,2.649035158154867,0.5929661835209027,11,True,1.0,0.039224522767694996
calls_puts,elastic_net,compromise,50,0.8117331352288819,0.1,True,2.649035158154867,0.5929661835209027,11,True,1.0,0.039224522767694996
calls_puts,elastic_net,parsimony,50,0.8117331352288819,0.1,True,2.649035158154867,0.5929661835209027,11,True,1.0,0.039224522767694996
calls_puts,l0,performance,51,0.006273391123554499,0.03162277660168381,True,2.6244765197699658,0.5365635720022247,6,True,0.3333333333333333,0.4019204020622214
calls_puts,l0,compromise,51,0.006273391123554499,0.03162277660168381,True,2.6244765197699658,0.5365635720022247,6,True,0.3333333333333333,0.4019204020622214
calls_puts,l0,parsimony,51,0.006273391123554499,0.03162277660168381,True,2.6244765197699658,0.5365635720022247,6,True,0.3333333333333333,0.4019204020622214
calls_puts,l1,performance,51,0.3030613138111168,0.07498942093324557,True,3.196950616954315,0.8139004926701112,6,True,0.625,0.2816043063209982
calls_puts,l1,compromise,51,0.3030613138111168,0.07498942093324557,True,3.196950616954315,0.8139004926701112,6,True,0.625,0.2816043063209982
calls_puts,l1,parsimony,51,0.3030613138111168,0.07498942093324557,True,3.196950616954315,0.8139004926701112,6,True,0.625,0.2816043063209982
calls_puts,l2,performance,51,2154.371050328945,56.23413251903491,True,5.239348888903423,1.7692835896635601,85,True,0.9239130434782609,0.01766014781944682
calls_puts,l2,compromise,51,2154.371050328945,56.23413251903491,True,5.239348888903423,1.7692835896635601,85,True,0.9239130434782609,0.01766014781944682
calls_puts,l2,parsimony,51,3831.073680383891,100.0,True,5.24512446691707,1.7703482178337835,82,True,0.9425287356321839,0.01754859321673166
calls_puts,elastic_net,performance,51,0.8082775144533983,0.1,True,2.6459123267061795,0.5933172230986723,11,True,1.0,0.03741925179491143
calls_puts,elastic_net,compromise,51,0.8082775144533983,0.1,True,2.6459123267061795,0.5933172230986723,11,True,1.0,0.03741925179491143
calls_puts,elastic_net,parsimony,51,0.8082775144533983,0.1,True,2.6459123267061795,0.5933172230986723,11,True,1.0,0.03741925179491143
full,l0,performance,42,0.0010033176457711385,0.010000000000000004,False,5.380516279335215,1.6257799128743067,17,True,0.23809523809523808,0.9389314862453767
full,l0,compromise,42,0.0010033176457711385,0.010000000000000004,False,5.380516279335215,1.6257799128743067,17,True,0.23809523809523808,0.9389314862453767
full,l0,parsimony,42,0.07523820926848489,0.7498942093324561,True,4.9587386534235165,1.1512219586549566,3,True,1.0,9.670904741045464e-16
full,l1,performance,42,0.3050623571729559,0.07498942093324557,True,3.2264126946012532,0.8737966896748794,12,True,1.0,0.006988856356397465
full,l1,compromise,42,0.5424861085386071,0.13335214321633237,True,4.069704557376554,1.0198720283052591,10,True,0.6,0.09108604571729458
full,l1,parsimony,42,0.7234168523871118,0.17782794100389226,True,4.998764918877315,1.2144244547664238,3,True,1.0,0.011897416500187068
full,elastic_net,performance,42,0.2572874586950336,0.0316227766016838,True,3.0995640786149568,0.8830826651963416,23,True,1.0,0.02110261430781848
full,elastic_net,compromise,42,0.8136143828727994,0.1,True,3.378581421187443,0.8523977407262667,17,True,1.0,0.0008682516351865222
full,elastic_net,parsimony,42,3.4309834039666325,0.4216965034285822,True,5.021609096387672,1.4030416560443313,5,True,1.0,0.001026871106628305
full,l0,performance,43,0.0010033559198557777,0.010000000000000004,False,5.506320373742161,1.7768583204500514,17,True,0.23809523809523808,0.9389321754129952
full,l0,compromise,43,0.0010033559198557777,0.010000000000000004,False,5.506320373742161,1.7768583204500514,17,True,0.23809523809523808,0.9389321754129952
full,l0,parsimony,43,0.07524107941992875,0.7498942093324561,True,4.9618601359990055,1.1738925982293842,3,True,1.0,1.099283196390378e-06
full,l1,performance,43,0.30506235717295666,0.07498942093324557,True,3.261623983645553,0.9354428483652389,12,True,1.0,0.00698842701144523
full,l1,compromise,43,0.5424861085386086,0.13335214321633237,True,4.071184722666987,1.034023106066632,10,True,0.6,0.09108535223350274
full,l1,parsimony,43,0.7234168523871137,0.17782794100389226,True,4.999354342742887,1.2243133675770779,3,True,1.0,0.011894488406867371
full,elastic_net,performance,43,0.2572874586950343,0.0316227766016838,True,3.1830482803382956,0.9765697210610661,23,True,1.0,0.021099458720621807
full,elastic_net,compromise,43,0.8136143828728015,0.1,True,3.3875852723010564,0.8842608304890054,17,True,1.0,0.0008682951268789256
full,elastic_net,parsimony,43,3.4309834039666414,0.4216965034285822,True,5.02448413026202,1.4249717690495578,5,True,1.0,0.0010268735280175082
full,l0,performance,44,0.0009976155528187633,0.010000000000000004,False,5.247233438822061,1.7527749078237347,18,True,0.22727272727272727,0.7790774642168945
full,l0,compromise,44,0.0009976155528187633,0.010000000000000004,False,5.247233438822061,1.7527749078237347,18,True,0.22727272727272727,0.7790774642168945
full,l0,parsimony,44,0.07481061261987873,0.7498942093324561,True,4.935299288249098,1.1141807670414563,3,True,1.0,0.0030926312603296877
full,l1,performance,44,0.30435698881570883,0.07498942093324557,True,3.6154917308490226,1.0102436307259028,13,True,0.9230769230769231,0.1543808474270529
full,l1,compromise,44,0.5412317665124218,0.13335214321633237,True,4.344955791396157,1.0552937885154317,5,True,0.8333333333333334,0.0188555328993387
full,l1,parsimony,44,0.7217441604119306,0.17782794100389226,True,4.967449031752493,1.1801027127199069,4,True,0.75,0.013371199995589562
full,elastic_net,performance,44,0.2566925559552732,0.0316227766016838,True,3.221992829255908,1.0139936060924688,24,True,0.88,0.1483510406253732
full,elastic_net,compromise,44,0.8117331352288819,0.1,True,3.442571825559563,0.860456937624918,17,True,1.0,0.030054523844210645
full,elastic_net,parsimony,44,3.4230502484314,0.4216965034285822,True,5.017819476616461,1.417487922457799,5,True,1.0,0.007941998870720328
full,l0,performance,45,0.0009977588493565736,0.010000000000000004,False,5.247255454707358,1.75278356149446,18,True,0.22727272727272727,0.7790765430621064
full,l0,compromise,45,0.0009977588493565736,0.010000000000000004,False,5.247255454707358,1.75278356149446,18,True,0.22727272727272727,0.7790765430621064
full,l0,parsimony,45,0.07482135834427087,0.7498942093324561,True,4.935302222268867,1.1141784748761745,3,True,1.0,0.003090915830202295
full,l1,performance,45,0.30435698881570805,0.07498942093324557,True,3.6154983688475992,1.0102500064283595,13,True,0.9230769230769231,0.1543790673785576
full,l1,compromise,45,0.5412317665124203,0.13335214321633237,True,4.344952475879956,1.055287484209644,5,True,0.8333333333333334,0.01884861002612902
full,l1,parsimony,45,0.7217441604119287,0.17782794100389226,True,4.967450424396651,1.180097015258544,4,True,0.75,0.013361854837960385
full,elastic_net,performance,45,0.25669255595527246,0.0316227766016838,True,3.2219778167585487,1.0139859981384585,24,True,0.88,0.148349001096336
full,elastic_net,compromise,45,0.8117331352288798,0.1,True,3.442572789728208,0.8604559029189853,17,True,1.0,0.030054906273618266
full,elastic_net,parsimony,45,3.423050248431391,0.4216965034285822,True,5.017818639116938,1.4174811609405642,5,True,1.0,0.007942157914399327
full,l0,performance,46,0.0009981224044896997,0.010000000000000004,False,5.247659927178673,1.7614161780933628,18,True,0.22727272727272727,0.7791215402511791
full,l0,compromise,46,0.0009981224044896997,0.010000000000000004,False,5.247659927178673,1.7614161780933628,18,True,0.22727272727272727,0.7791215402511791
full,l0,parsimony,46,0.07484862113318129,0.7498942093324561,True,4.969581461600917,1.188079642958159,3,True,1.0,0.0030918369245541678
full,l1,performance,46,0.3043569888157085,0.07498942093324557,True,3.639468420448416,1.063609544359374,13,True,0.9230769230769231,0.15437750225705102
full,l1,compromise,46,0.5412317665124211,0.13335214321633237,True,4.377072679077811,1.1230262306923413,5,True,0.8333333333333334,0.018831162310559365
full,l1,parsimony,46,0.7217441604119298,0.17782794100389226,True,4.993648552930484,1.245481369095863,4,True,0.75,0.013338184370874846
full,elastic_net,performance,46,0.2566925559552729,0.0316227766016838,True,3.223484180126993,1.0260342230648931,24,True,0.88,0.14834465739044084
full,elastic_net,compromise,46,0.811733135228881,0.1,True,3.4530355253618645,0.8951053173338372,17,True,1.0,0.03005585608438196
full,elastic_net,parsimony,46,3.4230502484313963,0.4216965034285822,True,5.025600895550967,1.4532166751887603,5,True,1.0,0.007942541310727524
full,l0,performance,47,0.000997478274351559,0.010000000000000004,False,5.247324303169218,1.7621571751952123,18,True,0.22727272727272727,0.7790564071394229
full,l0,compromise,47,0.000997478274351559,0.010000000000000004,False,5.247324303169218,1.7621571751952123,18,True,0.22727272727272727,0.7790564071394229
full,l0,parsimony,47,0.07480031818711648,0.7498942093324561,True,4.970188611110249,1.188781362625217,3,True,1.0,0.0027412206151447038
full,l1,performance,47,0.30435698881570983,0.07498942093324557,True,3.6382862262443876,1.0620499481097154,13,True,0.9230769230769231,0.15460842384733828
full,l1,compromise,47,0.5412317665124236,0.13335214321633237,True,4.384875481005687,1.1219334410423343,5,True,0.8333333333333334,0.012453379190959577
full,l1,parsimony,47,0.7217441604119329,0.17782794100389226,True,4.993650957742689,1.2460734353209306,4,True,0.75,0.013300233350925526
full,elastic_net,performance,47,0.256692555955274,0.0316227766016838,True,3.2234117737683063,1.026185138242685,24,True,0.88,0.1482458607986477
full,elastic_net,compromise,47,0.8117331352288846,0.1,True,3.4529890534879155,0.895104215719766,17,True,1.0,0.030016517087587236
full,elastic_net,parsimony,47,3.423050248431411,0.4216965034285822,True,5.025431407800664,1.4533755055943982,5,True,1.0,0.007915781449082997
full,l0,performance,48,0.000996687288680738,0.010000000000000004,False,5.247143660631405,1.762101083894211,18,True,0.22727272727272727,0.7790502803923538
full,l0,compromise,48,0.000996687288680738,0.010000000000000004,False,5.247143660631405,1.762101083894211,18,True,0.22727272727272727,0.7790502803923538
full,l0,parsimony,48,0.07474100262969512,0.7498942093324561,True,4.970163783312838,1.188899424562649,3,True,1.0,0.002751014961107811
full,l1,performance,48,0.30435698881570816,0.07498942093324557,True,3.638957987587022,1.062323105387459,13,True,0.9230769230769231,0.15446515219555199
full,l1,compromise,48,0.5412317665124206,0.13335214321633237,True,4.384949019480198,1.121958438015862,5,True,0.8333333333333334,0.012440622735000857
full,l1,parsimony,48,0.7217441604119289,0.17782794100389226,True,4.993914590765805,1.2454107733317799,4,True,0.75,0.011566078358198137
full,elastic_net,performance,48,0.25669255595527257,0.0316227766016838,True,3.223078735755396,1.0260355235796879,24,True,0.88,0.14817590367738187
full,elastic_net,compromise,48,0.8117331352288801,0.1,True,3.453114376337947,0.895133833582603,17,True,1.0,0.03008475115334392
full,elastic_net,parsimony,48,3.4230502484313923,0.4216965034285822,True,5.025281457908766,1.4525750314763344,5,True,1.0,0.007912197598536173
full,l0,performance,49,0.0009966921165785612,0.010000000000000004,False,5.247144412945812,1.7621014058099225,18,True,0.22727272727272727,0.779050249395872
full,l0,compromise,49,0.0009966921165785612,0.010000000000000004,False,5.247144412945812,1.7621014058099225,18,True,0.22727272727272727,0.779050249395872
full,l0,parsimony,49,0.07474136467095721,0.7498942093324561,True,4.9701638837976905,1.1888993611880168,3,True,1.0,0.0027509885963116396
full,l1,performance,49,0.30435698881570916,0.07498942093324557,True,3.6389581937069355,1.0623233297745358,13,True,0.9230769230769231,0.1544650919830891
full,l1,compromise,49,0.5412317665124223,0.13335214321633237,True,4.384949061461205,1.1219584736848522,5,True,0.8333333333333334,0.01244061904323754
full,l1,parsimony,49,0.7217441604119313,0.17782794100389226,True,4.993914640418082,1.2454106051391531,4,True,0.75,0.011565782879356182
full,elastic_net,performance,49,0.25669255595527346,0.0316227766016838,True,3.223078278814627,1.0260352915061746,24,True,0.88,0.14817583999436065
full,elastic_net,compromise,49,0.8117331352288828,0.1,True,3.453114404982106,0.8951337983350629,17,True,1.0,0.03008476330343584
full,elastic_net,parsimony,49,3.4230502484314034,0.4216965034285822,True,5.025281430749294,1.452575195570062,5,True,1.0,0.007912174521023083
full,l0,performance,50,0.0009967359469956144,0.010000000000000004,False,5.247151242588073,1.7621043282144426,18,True,0.22727272727272727,0.7790499679531672
full,l0,compromise,50,0.0009967359469956144,0.010000000000000004,False,5.247151242588073,1.7621043282144426,18,True,0.22727272727272727,0.7790499679531672
full,l0,parsimony,50,0.07474465148855128,0.7498942093324561,True,4.970164796015563,1.188898785856685,3,True,1.0,0.0027507495025563115
full,l1,performance,50,0.30435698881570883,0.07498942093324557,True,3.6389600648420046,1.0623253665780166,13,True,0.9230769230769231,0.1544645454364805
full,l1,compromise,50,0.5412317665124218,0.13335214321633237,True,4.384949442574576,1.1219587974719107,5,True,0.8333333333333334,0.012440585534095884
full,l1,parsimony,50,0.7217441604119306,0.17782794100389226,True,4.993915091178702,1.245409078394838,4,True,0.75,0.011563100671734716
full,elastic_net,performance,50,0.2566925559552732,0.0316227766016838,True,3.2230741308885786,1.026033184914622,24,True,0.88,0.14817526196606073
full,elastic_net,compromise,50,0.8117331352288819,0.1,True,3.453114665001378,0.8951334783955122,17,True,1.0,0.030084873604692662
full,elastic_net,parsimony,50,3.4230502484314,0.4216965034285822,True,5.025281184195035,1.452576685234584,5,True,1.0,0.007911964837320212
full,l0,performance,51,0.0009908016910188271,0.010000000000000004,False,4.665149112024682,1.3765897497390431,17,True,0.23809523809523808,0.7225167507605725
full,l0,compromise,51,0.0009908016910188271,0.010000000000000004,False,4.665149112024682,1.3765897497390431,17,True,0.23809523809523808,0.7225167507605725
full,l0,parsimony,51,0.07429964506918235,0.7498942093324561,True,4.97044865476345,1.1900936428758102,3,True,1.0,0.0024829040251229065
full,l1,performance,51,0.3030613138111168,0.07498942093324557,True,3.5101546701940345,0.9260537910537852,13,True,0.9230769230769231,0.25997257093829573
full,l1,compromise,51,0.5389276943296536,0.13335214321633237,True,4.3785180478487415,1.123357821486581,5,True,0.8333333333333334,0.012464286544105191
full,l1,parsimony,51,0.7186716307749579,0.17782794100389226,True,4.994562913966327,1.248898684312372,4,True,0.75,0.011362278578324588
full,elastic_net,performance,51,0.2555997927172406,0.0316227766016838,True,3.0557243144759143,0.8281428886240668,25,True,0.8461538461538461,0.31082676801057546
full,elastic_net,compromise,51,0.8082775144533983,0.1,True,3.339859006004421,0.8129778051255437,17,True,1.0,0.09460341070384717
full,elastic_net,parsimony,51,3.408478016449434,0.4216965034285822,True,5.029368231434418,1.4675118523618482,5,True,1.0,0.010063154367025533
