price_type,price,definition,price_pct_notional,cushion_vs_theoretical,cushion_vs_theoretical_pct_notional,source_terminal_pnl_mean,target_margin_pct_notional,family,penalty,profile,binary_mode,implementation
theoretical,100.36289014505809,valeur du passif sous le modèle,100.36289014505809,0.0,0.0,0.04769167437781927,1.0,calls_puts,l0,performance,no_binaries,Calls + Puts calibré
minimum_coverage,100.31519847068027,prix annulant le P&L terminal moyen estimé,100.31519847068029,-0.047691674377816184,-0.047691674377816184,0.04769167437781927,1.0,calls_puts,l0,performance,no_binaries,Calls + Puts calibré
commercial,101.31519847068027,prix minimal + marge cible de 1.00% du nominal,101.31519847068029,0.9523083256221838,0.9523083256221838,0.04769167437781927,1.0,calls_puts,l0,performance,no_binaries,Calls + Puts calibré
theoretical,100.36289014505809,valeur du passif sous le modèle,100.36289014505809,0.0,0.0,0.04769167437781927,1.0,calls_puts,l0,compromise,no_binaries,Calls + Puts calibré
minimum_coverage,100.31519847068027,prix annulant le P&L terminal moyen estimé,100.31519847068029,-0.047691674377816184,-0.047691674377816184,0.04769167437781927,1.0,calls_puts,l0,compromise,no_binaries,Calls + Puts calibré
commercial,101.31519847068027,prix minimal + marge cible de 1.00% du nominal,101.31519847068029,0.9523083256221838,0.9523083256221838,0.04769167437781927,1.0,calls_puts,l0,compromise,no_binaries,Calls + Puts calibré
theoretical,100.36289014505809,valeur du passif sous le modèle,100.36289014505809,0.0,0.0,0.04769167437781927,1.0,calls_puts,l0,parsimony,no_binaries,Calls + Puts calibré
minimum_coverage,100.31519847068027,prix annulant le P&L terminal moyen estimé,100.31519847068029,-0.047691674377816184,-0.047691674377816184,0.04769167437781927,1.0,calls_puts,l0,parsimony,no_binaries,Calls + Puts calibré
commercial,101.31519847068027,prix minimal + marge cible de 1.00% du nominal,101.31519847068029,0.9523083256221838,0.9523083256221838,0.04769167437781927,1.0,calls_puts,l0,parsimony,no_binaries,Calls + Puts calibré
theoretical,100.36289014505809,valeur du passif sous le modèle,100.36289014505809,0.0,0.0,0.018077672285875968,1.0,calls_puts,l1,performance,no_binaries,Calls + Puts calibré
minimum_coverage,100.34481247277222,prix annulant le P&L terminal moyen estimé,100.3448124727722,-0.01807767228586954,-0.01807767228586954,0.018077672285875968,1.0,calls_puts,l1,performance,no_binaries,Calls + Puts calibré
commercial,101.34481247277222,prix minimal + marge cible de 1.00% du nominal,101.3448124727722,0.9819223277141305,0.9819223277141305,0.018077672285875968,1.0,calls_puts,l1,performance,no_binaries,Calls + Puts calibré
theoretical,100.36289014505809,valeur du passif sous le modèle,100.36289014505809,0.0,0.0,0.018077672285875968,1.0,calls_puts,l1,compromise,no_binaries,Calls + Puts calibré
minimum_coverage,100.34481247277222,prix annulant le P&L terminal moyen estimé,100.3448124727722,-0.01807767228586954,-0.01807767228586954,0.018077672285875968,1.0,calls_puts,l1,compromise,no_binaries,Calls + Puts calibré
commercial,101.34481247277222,prix minimal + marge cible de 1.00% du nominal,101.3448124727722,0.9819223277141305,0.9819223277141305,0.018077672285875968,1.0,calls_puts,l1,compromise,no_binaries,Calls + Puts calibré
theoretical,100.36289014505809,valeur du passif sous le modèle,100.36289014505809,0.0,0.0,0.018077672285875968,1.0,calls_puts,l1,parsimony,no_binaries,Calls + Puts calibré
minimum_coverage,100.34481247277222,prix annulant le P&L terminal moyen estimé,100.3448124727722,-0.01807767228586954,-0.01807767228586954,0.018077672285875968,1.0,calls_puts,l1,parsimony,no_binaries,Calls + Puts calibré
commercial,101.34481247277222,prix minimal + marge cible de 1.00% du nominal,101.3448124727722,0.9819223277141305,0.9819223277141305,0.018077672285875968,1.0,calls_puts,l1,parsimony,no_binaries,Calls + Puts calibré
theoretical,100.36289014505809,valeur du passif sous le modèle,100.36289014505809,0.0,0.0,0.2887435450286466,1.0,calls_puts,l2,performance,no_binaries,Calls + Puts calibré
minimum_coverage,100.07414660002944,prix annulant le P&L terminal moyen estimé,100.07414660002944,-0.28874354502865174,-0.28874354502865174,0.2887435450286466,1.0,calls_puts,l2,performance,no_binaries,Calls + Puts calibré
commercial,101.07414660002944,prix minimal + marge cible de 1.00% du nominal,101.07414660002944,0.7112564549713483,0.7112564549713483,0.2887435450286466,1.0,calls_puts,l2,performance,no_binaries,Calls + Puts calibré
theoretical,100.36289014505809,valeur du passif sous le modèle,100.36289014505809,0.0,0.0,0.2887435450286466,1.0,calls_puts,l2,compromise,no_binaries,Calls + Puts calibré
minimum_coverage,100.07414660002944,prix annulant le P&L terminal moyen estimé,100.07414660002944,-0.28874354502865174,-0.28874354502865174,0.2887435450286466,1.0,calls_puts,l2,compromise,no_binaries,Calls + Puts calibré
commercial,101.07414660002944,prix minimal + marge cible de 1.00% du nominal,101.07414660002944,0.7112564549713483,0.7112564549713483,0.2887435450286466,1.0,calls_puts,l2,compromise,no_binaries,Calls + Puts calibré
theoretical,100.36289014505809,valeur du passif sous le modèle,100.36289014505809,0.0,0.0,0.28911878523028656,1.0,calls_puts,l2,parsimony,no_binaries,Calls + Puts calibré
minimum_coverage,100.0737713598278,prix annulant le P&L terminal moyen estimé,100.0737713598278,-0.28911878523028633,-0.28911878523028633,0.28911878523028656,1.0,calls_puts,l2,parsimony,no_binaries,Calls + Puts calibré
commercial,101.0737713598278,prix minimal + marge cible de 1.00% du nominal,101.0737713598278,0.7108812147697137,0.7108812147697137,0.28911878523028656,1.0,calls_puts,l2,parsimony,no_binaries,Calls + Puts calibré
theoretical,100.36289014505809,valeur du passif sous le modèle,100.36289014505809,0.0,0.0,0.06079406657119527,1.0,calls_puts,elastic_net,performance,no_binaries,Calls + Puts calibré
minimum_coverage,100.3020960784869,prix annulant le P&L terminal moyen estimé,100.3020960784869,-0.0607940665711908,-0.0607940665711908,0.06079406657119527,1.0,calls_puts,elastic_net,performance,no_binaries,Calls + Puts calibré
commercial,101.3020960784869,prix minimal + marge cible de 1.00% du nominal,101.3020960784869,0.9392059334288092,0.9392059334288092,0.06079406657119527,1.0,calls_puts,elastic_net,performance,no_binaries,Calls + Puts calibré
theoretical,100.36289014505809,valeur du passif sous le modèle,100.36289014505809,0.0,0.0,0.06079406657119527,1.0,calls_puts,elastic_net,compromise,no_binaries,Calls + Puts calibré
minimum_coverage,100.3020960784869,prix annulant le P&L terminal moyen estimé,100.3020960784869,-0.0607940665711908,-0.0607940665711908,0.06079406657119527,1.0,calls_puts,elastic_net,compromise,no_binaries,Calls + Puts calibré
commercial,101.3020960784869,prix minimal + marge cible de 1.00% du nominal,101.3020960784869,0.9392059334288092,0.9392059334288092,0.06079406657119527,1.0,calls_puts,elastic_net,compromise,no_binaries,Calls + Puts calibré
theoretical,100.36289014505809,valeur du passif sous le modèle,100.36289014505809,0.0,0.0,0.06079406657119527,1.0,calls_puts,elastic_net,parsimony,no_binaries,Calls + Puts calibré
minimum_coverage,100.3020960784869,prix annulant le P&L terminal moyen estimé,100.3020960784869,-0.0607940665711908,-0.0607940665711908,0.06079406657119527,1.0,calls_puts,elastic_net,parsimony,no_binaries,Calls + Puts calibré
commercial,101.3020960784869,prix minimal + marge cible de 1.00% du nominal,101.3020960784869,0.9392059334288092,0.9392059334288092,0.06079406657119527,1.0,calls_puts,elastic_net,parsimony,no_binaries,Calls + Puts calibré
theoretical,100.36289014505809,valeur du passif sous le modèle,100.36289014505809,0.0,0.0,0.05514491198279993,1.0,full,l0,parsimony,theoretical,Full — binaires théoriques
minimum_coverage,100.3077452330753,prix annulant le P&L terminal moyen estimé,100.3077452330753,-0.05514491198279359,-0.05514491198279359,0.05514491198279993,1.0,full,l0,parsimony,theoretical,Full — binaires théoriques
commercial,101.3077452330753,prix minimal + marge cible de 1.00% du nominal,101.3077452330753,0.9448550880172064,0.9448550880172064,0.05514491198279993,1.0,full,l0,parsimony,theoretical,Full — binaires théoriques
theoretical,100.36289014505809,valeur du passif sous le modèle,100.36289014505809,0.0,0.0,0.09293128956055406,1.0,full,l0,parsimony,vertical_spread,Full — binaires remplacées par spreads
minimum_coverage,100.26995885549753,prix annulant le P&L terminal moyen estimé,100.26995885549753,-0.09293128956055341,-0.09293128956055341,0.09293128956055406,1.0,full,l0,parsimony,vertical_spread,Full — binaires remplacées par spreads
commercial,101.26995885549753,prix minimal + marge cible de 1.00% du nominal,101.26995885549753,0.9070687104394466,0.9070687104394466,0.09293128956055406,1.0,full,l0,parsimony,vertical_spread,Full — binaires remplacées par spreads
theoretical,100.36289014505809,valeur du passif sous le modèle,100.36289014505809,0.0,0.0,0.054113162955836194,1.0,full,l0,parsimony,otc_favorable,Full OTC — favorable (5 bps)
minimum_coverage,100.30877698210226,prix annulant le P&L terminal moyen estimé,100.30877698210226,-0.05411316295582935,-0.05411316295582935,0.054113162955836194,1.0,full,l0,parsimony,otc_favorable,Full OTC — favorable (5 bps)
commercial,101.30877698210226,prix minimal + marge cible de 1.00% du nominal,101.30877698210226,0.9458868370441706,0.9458868370441706,0.054113162955836194,1.0,full,l0,parsimony,otc_favorable,Full OTC — favorable (5 bps)
theoretical,100.36289014505809,valeur du passif sous le modèle,100.36289014505809,0.0,0.0,0.05308141392887196,1.0,full,l0,parsimony,otc_central,Full OTC — central (10 bps)
minimum_coverage,100.30980873112922,prix annulant le P&L terminal moyen estimé,100.30980873112921,-0.05308141392886512,-0.05308141392886512,0.05308141392887196,1.0,full,l0,parsimony,otc_central,Full OTC — central (10 bps)
commercial,101.30980873112922,prix minimal + marge cible de 1.00% du nominal,101.30980873112921,0.9469185860711349,0.9469185860711349,0.05308141392887196,1.0,full,l0,parsimony,otc_central,Full OTC — central (10 bps)
theoretical,100.36289014505809,valeur du passif sous le modèle,100.36289014505809,0.0,0.0,0.049986166847980816,1.0,full,l0,parsimony,otc_stressed,Full OTC — stressé (25 bps)
minimum_coverage,100.3129039782101,prix annulant le P&L terminal moyen estimé,100.3129039782101,-0.049986166847986624,-0.049986166847986624,0.049986166847980816,1.0,full,l0,parsimony,otc_stressed,Full OTC — stressé (25 bps)
commercial,101.3129039782101,prix minimal + marge cible de 1.00% du nominal,101.3129039782101,0.9500138331520134,0.9500138331520134,0.049986166847980816,1.0,full,l0,parsimony,otc_stressed,Full OTC — stressé (25 bps)
theoretical,100.36289014505809,valeur du passif sous le modèle,100.36289014505809,0.0,0.0,0.016756083549027245,1.0,full,l1,performance,theoretical,Full — binaires théoriques
minimum_coverage,100.34613406150906,prix annulant le P&L terminal moyen estimé,100.34613406150906,-0.016756083549026357,-0.016756083549026357,0.016756083549027245,1.0,full,l1,performance,theoretical,Full — binaires théoriques
commercial,101.34613406150906,prix minimal + marge cible de 1.00% du nominal,101.34613406150906,0.9832439164509736,0.9832439164509736,0.016756083549027245,1.0,full,l1,performance,theoretical,Full — binaires théoriques
theoretical,100.36289014505809,valeur du passif sous le modèle,100.36289014505809,0.0,0.0,0.03729036074678179,1.0,full,l1,performance,vertical_spread,Full — binaires remplacées par spreads
minimum_coverage,100.32559978431131,prix annulant le P&L terminal moyen estimé,100.32559978431131,-0.03729036074678049,-0.03729036074678049,0.03729036074678179,1.0,full,l1,performance,vertical_spread,Full — binaires remplacées par spreads
commercial,101.32559978431131,prix minimal + marge cible de 1.00% du nominal,101.32559978431131,0.9627096392532195,0.9627096392532195,0.03729036074678179,1.0,full,l1,performance,vertical_spread,Full — binaires remplacées par spreads
theoretical,100.36289014505809,valeur du passif sous le modèle,100.36289014505809,0.0,0.0,0.014433547949868206,1.0,full,l1,performance,otc_favorable,Full OTC — favorable (5 bps)
minimum_coverage,100.34845659710822,prix annulant le P&L terminal moyen estimé,100.34845659710824,-0.014433547949863623,-0.014433547949863623,0.014433547949868206,1.0,full,l1,performance,otc_favorable,Full OTC — favorable (5 bps)
commercial,101.34845659710822,prix minimal + marge cible de 1.00% du nominal,101.34845659710824,0.9855664520501364,0.9855664520501364,0.014433547949868206,1.0,full,l1,performance,otc_favorable,Full OTC — favorable (5 bps)
theoretical,100.36289014505809,valeur du passif sous le modèle,100.36289014505809,0.0,0.0,0.012111012350709185,1.0,full,l1,performance,otc_central,Full OTC — central (10 bps)
minimum_coverage,100.35077913270737,prix annulant le P&L terminal moyen estimé,100.35077913270737,-0.0121110123507151,-0.0121110123507151,0.012111012350709185,1.0,full,l1,performance,otc_central,Full OTC — central (10 bps)
commercial,101.35077913270737,prix minimal + marge cible de 1.00% du nominal,101.35077913270737,0.9878889876492849,0.9878889876492849,0.012111012350709185,1.0,full,l1,performance,otc_central,Full OTC — central (10 bps)
theoretical,100.36289014505809,valeur du passif sous le modèle,100.36289014505809,0.0,0.0,0.005143405553231819,1.0,full,l1,performance,otc_stressed,Full OTC — stressé (25 bps)
minimum_coverage,100.35774673950486,prix annulant le P&L terminal moyen estimé,100.35774673950486,-0.0051434055532268985,-0.0051434055532268985,0.005143405553231819,1.0,full,l1,performance,otc_stressed,Full OTC — stressé (25 bps)
commercial,101.35774673950486,prix minimal + marge cible de 1.00% du nominal,101.35774673950486,0.9948565944467731,0.9948565944467731,0.005143405553231819,1.0,full,l1,performance,otc_stressed,Full OTC — stressé (25 bps)
theoretical,100.36289014505809,valeur du passif sous le modèle,100.36289014505809,0.0,0.0,0.07660002628476588,1.0,full,l1,compromise,theoretical,Full — binaires théoriques
minimum_coverage,100.28629011877332,prix annulant le P&L terminal moyen estimé,100.28629011877332,-0.07660002628476548,-0.07660002628476548,0.07660002628476588,1.0,full,l1,compromise,theoretical,Full — binaires théoriques
commercial,101.28629011877332,prix minimal + marge cible de 1.00% du nominal,101.28629011877332,0.9233999737152345,0.9233999737152345,0.07660002628476588,1.0,full,l1,compromise,theoretical,Full — binaires théoriques
theoretical,100.36289014505809,valeur du passif sous le modèle,100.36289014505809,0.0,0.0,0.108368024531562,1.0,full,l1,compromise,vertical_spread,Full — binaires remplacées par spreads
minimum_coverage,100.25452212052653,prix annulant le P&L terminal moyen estimé,100.25452212052653,-0.1083680245315577,-0.1083680245315577,0.108368024531562,1.0,full,l1,compromise,vertical_spread,Full — binaires remplacées par spreads
commercial,101.25452212052653,prix minimal + marge cible de 1.00% du nominal,101.25452212052653,0.8916319754684423,0.8916319754684423,0.108368024531562,1.0,full,l1,compromise,vertical_spread,Full — binaires remplacées par spreads
theoretical,100.36289014505809,valeur du passif sous le modèle,100.36289014505809,0.0,0.0,0.07572730348742734,1.0,full,l1,compromise,otc_favorable,Full OTC — favorable (5 bps)
minimum_coverage,100.28716284157066,prix annulant le P&L terminal moyen estimé,100.28716284157066,-0.07572730348742596,-0.07572730348742596,0.07572730348742734,1.0,full,l1,compromise,otc_favorable,Full OTC — favorable (5 bps)
commercial,101.28716284157066,prix minimal + marge cible de 1.00% du nominal,101.28716284157066,0.924272696512574,0.924272696512574,0.07572730348742734,1.0,full,l1,compromise,otc_favorable,Full OTC — favorable (5 bps)
theoretical,100.36289014505809,valeur du passif sous le modèle,100.36289014505809,0.0,0.0,0.07485458069011773,1.0,full,l1,compromise,otc_central,Full OTC — central (10 bps)
minimum_coverage,100.28803556436797,prix annulant le P&L terminal moyen estimé,100.28803556436796,-0.07485458069011486,-0.07485458069011486,0.07485458069011773,1.0,full,l1,compromise,otc_central,Full OTC — central (10 bps)
commercial,101.28803556436797,prix minimal + marge cible de 1.00% du nominal,101.28803556436796,0.9251454193098851,0.9251454193098851,0.07485458069011773,1.0,full,l1,compromise,otc_central,Full OTC — central (10 bps)
theoretical,100.36289014505809,valeur du passif sous le modèle,100.36289014505809,0.0,0.0,0.07223641229813316,1.0,full,l1,compromise,otc_stressed,Full OTC — stressé (25 bps)
minimum_coverage,100.29065373275995,prix annulant le P&L terminal moyen estimé,100.29065373275995,-0.07223641229813893,-0.07223641229813893,0.07223641229813316,1.0,full,l1,compromise,otc_stressed,Full OTC — stressé (25 bps)
commercial,101.29065373275995,prix minimal + marge cible de 1.00% du nominal,101.29065373275995,0.9277635877018611,0.9277635877018611,0.07223641229813316,1.0,full,l1,compromise,otc_stressed,Full OTC — stressé (25 bps)
theoretical,100.36289014505809,valeur du passif sous le modèle,100.36289014505809,0.0,0.0,0.10587726582215923,1.0,full,l1,parsimony,theoretical,Full — binaires théoriques
minimum_coverage,100.25701287923593,prix annulant le P&L terminal moyen estimé,100.25701287923593,-0.1058772658221585,-0.1058772658221585,0.10587726582215923,1.0,full,l1,parsimony,theoretical,Full — binaires théoriques
commercial,101.25701287923593,prix minimal + marge cible de 1.00% du nominal,101.25701287923593,0.8941227341778415,0.8941227341778415,0.10587726582215923,1.0,full,l1,parsimony,theoretical,Full — binaires théoriques
theoretical,100.36289014505809,valeur du passif sous le modèle,100.36289014505809,0.0,0.0,0.13546276704772156,1.0,full,l1,parsimony,vertical_spread,Full — binaires remplacées par spreads
minimum_coverage,100.22742737801036,prix annulant le P&L terminal moyen estimé,100.22742737801036,-0.13546276704772708,-0.13546276704772708,0.13546276704772156,1.0,full,l1,parsimony,vertical_spread,Full — binaires remplacées par spreads
commercial,101.22742737801036,prix minimal + marge cible de 1.00% du nominal,101.22742737801036,0.8645372329522729,0.8645372329522729,0.13546276704772156,1.0,full,l1,parsimony,vertical_spread,Full — binaires remplacées par spreads
theoretical,100.36289014505809,valeur du passif sous le modèle,100.36289014505809,0.0,0.0,0.10506943998495404,1.0,full,l1,parsimony,otc_favorable,Full OTC — favorable (5 bps)
minimum_coverage,100.25782070507313,prix annulant le P&L terminal moyen estimé,100.25782070507313,-0.10506943998495899,-0.10506943998495899,0.10506943998495404,1.0,full,l1,parsimony,otc_favorable,Full OTC — favorable (5 bps)
commercial,101.25782070507313,prix minimal + marge cible de 1.00% du nominal,101.25782070507313,0.894930560015041,0.894930560015041,0.10506943998495404,1.0,full,l1,parsimony,otc_favorable,Full OTC — favorable (5 bps)
theoretical,100.36289014505809,valeur du passif sous le modèle,100.36289014505809,0.0,0.0,0.10426161414774819,1.0,full,l1,parsimony,otc_central,Full OTC — central (10 bps)
minimum_coverage,100.25862853091034,prix annulant le P&L terminal moyen estimé,100.25862853091034,-0.10426161414774526,-0.10426161414774526,0.10426161414774819,1.0,full,l1,parsimony,otc_central,Full OTC — central (10 bps)
commercial,101.25862853091034,prix minimal + marge cible de 1.00% du nominal,101.25862853091034,0.8957383858522547,0.8957383858522547,0.10426161414774819,1.0,full,l1,parsimony,otc_central,Full OTC — central (10 bps)
theoretical,100.36289014505809,valeur du passif sous le modèle,100.36289014505809,0.0,0.0,0.10183813663613138,1.0,full,l1,parsimony,otc_stressed,Full OTC — stressé (25 bps)
minimum_coverage,100.26105200842196,prix annulant le P&L terminal moyen estimé,100.26105200842196,-0.1018381366361325,-0.1018381366361325,0.10183813663613138,1.0,full,l1,parsimony,otc_stressed,Full OTC — stressé (25 bps)
commercial,101.26105200842196,prix minimal + marge cible de 1.00% du nominal,101.26105200842196,0.8981618633638675,0.8981618633638675,0.10183813663613138,1.0,full,l1,parsimony,otc_stressed,Full OTC — stressé (25 bps)
theoretical,100.36289014505809,valeur du passif sous le modèle,100.36289014505809,0.0,0.0,-0.053385356680742756,1.0,full,elastic_net,performance,theoretical,Full — binaires théoriques
minimum_coverage,100.41627550173884,prix annulant le P&L terminal moyen estimé,100.41627550173884,0.053385356680749396,0.053385356680749396,-0.053385356680742756,1.0,full,elastic_net,performance,theoretical,Full — binaires théoriques
commercial,101.41627550173884,prix minimal + marge cible de 1.00% du nominal,101.41627550173884,1.0533853566807494,1.0533853566807494,-0.053385356680742756,1.0,full,elastic_net,performance,theoretical,Full — binaires théoriques
theoretical,100.36289014505809,valeur du passif sous le modèle,100.36289014505809,0.0,0.0,-0.026816063059147747,1.0,full,elastic_net,performance,vertical_spread,Full — binaires remplacées par spreads
minimum_coverage,100.38970620811723,prix annulant le P&L terminal moyen estimé,100.38970620811725,0.026816063059143858,0.026816063059143858,-0.026816063059147747,1.0,full,elastic_net,performance,vertical_spread,Full — binaires remplacées par spreads
commercial,101.38970620811723,prix minimal + marge cible de 1.00% du nominal,101.38970620811725,1.0268160630591439,1.0268160630591439,-0.026816063059147747,1.0,full,elastic_net,performance,vertical_spread,Full — binaires remplacées par spreads
theoretical,100.36289014505809,valeur du passif sous le modèle,100.36289014505809,0.0,0.0,-0.05864657721937956,1.0,full,elastic_net,performance,otc_favorable,Full OTC — favorable (5 bps)
minimum_coverage,100.42153672227747,prix annulant le P&L terminal moyen estimé,100.42153672227747,0.058646577219377605,0.058646577219377605,-0.05864657721937956,1.0,full,elastic_net,performance,otc_favorable,Full OTC — favorable (5 bps)
commercial,101.42153672227747,prix minimal + marge cible de 1.00% du nominal,101.42153672227747,1.0586465772193776,1.0586465772193776,-0.05864657721937956,1.0,full,elastic_net,performance,otc_favorable,Full OTC — favorable (5 bps)
theoretical,100.36289014505809,valeur du passif sous le modèle,100.36289014505809,0.0,0.0,-0.06387673980008145,1.0,full,elastic_net,performance,otc_central,Full OTC — central (10 bps)
minimum_coverage,100.42676688485817,prix annulant le P&L terminal moyen estimé,100.42676688485817,0.06387673980007946,0.06387673980007946,-0.06387673980008145,1.0,full,elastic_net,performance,otc_central,Full OTC — central (10 bps)
commercial,101.42676688485817,prix minimal + marge cible de 1.00% du nominal,101.42676688485817,1.0638767398000795,1.0638767398000795,-0.06387673980008145,1.0,full,elastic_net,performance,otc_central,Full OTC — central (10 bps)
theoretical,100.36289014505809,valeur du passif sous le modèle,100.36289014505809,0.0,0.0,-0.07942253448699453,1.0,full,elastic_net,performance,otc_stressed,Full OTC — stressé (25 bps)
minimum_coverage,100.44231267954508,prix annulant le P&L terminal moyen estimé,100.44231267954508,0.07942253448699432,0.07942253448699432,-0.07942253448699453,1.0,full,elastic_net,performance,otc_stressed,Full OTC — stressé (25 bps)
commercial,101.44231267954508,prix minimal + marge cible de 1.00% du nominal,101.44231267954508,1.0794225344869943,1.0794225344869943,-0.07942253448699453,1.0,full,elastic_net,performance,otc_stressed,Full OTC — stressé (25 bps)
theoretical,100.36289014505809,valeur du passif sous le modèle,100.36289014505809,0.0,0.0,0.027532773646973378,1.0,full,elastic_net,compromise,theoretical,Full — binaires théoriques
minimum_coverage,100.33535737141112,prix annulant le P&L terminal moyen estimé,100.33535737141112,-0.027532773646967712,-0.027532773646967712,0.027532773646973378,1.0,full,elastic_net,compromise,theoretical,Full — binaires théoriques
commercial,101.33535737141112,prix minimal + marge cible de 1.00% du nominal,101.33535737141112,0.9724672263530323,0.9724672263530323,0.027532773646973378,1.0,full,elastic_net,compromise,theoretical,Full — binaires théoriques
theoretical,100.36289014505809,valeur du passif sous le modèle,100.36289014505809,0.0,0.0,0.05918779906826364,1.0,full,elastic_net,compromise,vertical_spread,Full — binaires remplacées par spreads
minimum_coverage,100.30370234598982,prix annulant le P&L terminal moyen estimé,100.30370234598982,-0.05918779906826899,-0.05918779906826899,0.05918779906826364,1.0,full,elastic_net,compromise,vertical_spread,Full — binaires remplacées par spreads
commercial,101.30370234598982,prix minimal + marge cible de 1.00% du nominal,101.30370234598982,0.940812200931731,0.940812200931731,0.05918779906826364,1.0,full,elastic_net,compromise,vertical_spread,Full — binaires remplacées par spreads
theoretical,100.36289014505809,valeur du passif sous le modèle,100.36289014505809,0.0,0.0,0.025450615960715448,1.0,full,elastic_net,compromise,otc_favorable,Full OTC — favorable (5 bps)
minimum_coverage,100.33743952909737,prix annulant le P&L terminal moyen estimé,100.33743952909737,-0.025450615960721734,-0.025450615960721734,0.025450615960715448,1.0,full,elastic_net,compromise,otc_favorable,Full OTC — favorable (5 bps)
commercial,101.33743952909737,prix minimal + marge cible de 1.00% du nominal,101.33743952909737,0.9745493840392783,0.9745493840392783,0.025450615960715448,1.0,full,elastic_net,compromise,otc_favorable,Full OTC — favorable (5 bps)
theoretical,100.36289014505809,valeur du passif sous le modèle,100.36289014505809,0.0,0.0,0.02340160641285376,1.0,full,elastic_net,compromise,otc_central,Full OTC — central (10 bps)
minimum_coverage,100.33948853864524,prix annulant le P&L terminal moyen estimé,100.33948853864524,-0.02340160641284683,-0.02340160641284683,0.02340160641285376,1.0,full,elastic_net,compromise,otc_central,Full OTC — central (10 bps)
commercial,101.33948853864524,prix minimal + marge cible de 1.00% du nominal,101.33948853864524,0.9765983935871532,0.9765983935871532,0.02340160641285376,1.0,full,elastic_net,compromise,otc_central,Full OTC — central (10 bps)
theoretical,100.36289014505809,valeur du passif sous le modèle,100.36289014505809,0.0,0.0,0.017401314155248163,1.0,full,elastic_net,compromise,otc_stressed,Full OTC — stressé (25 bps)
minimum_coverage,100.34548883090284,prix annulant le P&L terminal moyen estimé,100.34548883090284,-0.017401314155250702,-0.017401314155250702,0.017401314155248163,1.0,full,elastic_net,compromise,otc_stressed,Full OTC — stressé (25 bps)
commercial,101.34548883090284,prix minimal + marge cible de 1.00% du nominal,101.34548883090284,0.9825986858447493,0.9825986858447493,0.017401314155248163,1.0,full,elastic_net,compromise,otc_stressed,Full OTC — stressé (25 bps)
theoretical,100.36289014505809,valeur du passif sous le modèle,100.36289014505809,0.0,0.0,0.19853186812013263,1.0,full,elastic_net,parsimony,theoretical,Full — binaires théoriques
minimum_coverage,100.16435827693796,prix annulant le P&L terminal moyen estimé,100.16435827693796,-0.1985318681201278,-0.1985318681201278,0.19853186812013263,1.0,full,elastic_net,parsimony,theoretical,Full — binaires théoriques
commercial,101.16435827693796,prix minimal + marge cible de 1.00% du nominal,101.16435827693796,0.8014681318798722,0.8014681318798722,0.19853186812013263,1.0,full,elastic_net,parsimony,theoretical,Full — binaires théoriques
theoretical,100.36289014505809,valeur du passif sous le modèle,100.36289014505809,0.0,0.0,0.21280937942989794,1.0,full,elastic_net,parsimony,vertical_spread,Full — binaires remplacées par spreads
minimum_coverage,100.15008076562819,prix annulant le P&L terminal moyen estimé,100.15008076562819,-0.21280937942989908,-0.21280937942989908,0.21280937942989794,1.0,full,elastic_net,parsimony,vertical_spread,Full — binaires remplacées par spreads
commercial,101.15008076562819,prix minimal + marge cible de 1.00% du nominal,101.15008076562819,0.7871906205701009,0.7871906205701009,0.21280937942989794,1.0,full,elastic_net,parsimony,vertical_spread,Full — binaires remplacées par spreads
theoretical,100.36289014505809,valeur du passif sous le modèle,100.36289014505809,0.0,0.0,0.1980594497244909,1.0,full,elastic_net,parsimony,otc_favorable,Full OTC — favorable (5 bps)
minimum_coverage,100.16483069533359,prix annulant le P&L terminal moyen estimé,100.16483069533359,-0.19805944972449652,-0.19805944972449652,0.1980594497244909,1.0,full,elastic_net,parsimony,otc_favorable,Full OTC — favorable (5 bps)
commercial,101.16483069533359,prix minimal + marge cible de 1.00% du nominal,101.16483069533359,0.8019405502755035,0.8019405502755035,0.1980594497244909,1.0,full,elastic_net,parsimony,otc_favorable,Full OTC — favorable (5 bps)
theoretical,100.36289014505809,valeur du passif sous le modèle,100.36289014505809,0.0,0.0,0.19759928962845982,1.0,full,elastic_net,parsimony,otc_central,Full OTC — central (10 bps)
minimum_coverage,100.16529085542963,prix annulant le P&L terminal moyen estimé,100.16529085542963,-0.19759928962845663,-0.19759928962845663,0.19759928962845982,1.0,full,elastic_net,parsimony,otc_central,Full OTC — central (10 bps)
commercial,101.16529085542963,prix minimal + marge cible de 1.00% du nominal,101.16529085542963,0.8024007103715434,0.8024007103715434,0.19759928962845982,1.0,full,elastic_net,parsimony,otc_central,Full OTC — central (10 bps)
theoretical,100.36289014505809,valeur du passif sous le modèle,100.36289014505809,0.0,0.0,0.19627307297837254,1.0,full,elastic_net,parsimony,otc_stressed,Full OTC — stressé (25 bps)
minimum_coverage,100.16661707207972,prix annulant le P&L terminal moyen estimé,100.16661707207972,-0.1962730729783715,-0.1962730729783715,0.19627307297837254,1.0,full,elastic_net,parsimony,otc_stressed,Full OTC — stressé (25 bps)
commercial,101.16661707207972,prix minimal + marge cible de 1.00% du nominal,101.16661707207972,0.8037269270216285,0.8037269270216285,0.19627307297837254,1.0,full,elastic_net,parsimony,otc_stressed,Full OTC — stressé (25 bps)
